Timestamp_start,Reverse_start,Reverse_date,Timestamp_end,Reverse_Range,Range
2021-01-04 05:05,2021-01-04 09:07,Mon,2021-01-04 12:16,16,30
2021-01-04 12:17,2021-01-04 19:58,Mon,2021-01-04 20:23,13,63
2021-01-04 20:24,2021-01-04 21:26,Mon,2021-01-04 21:53,18,21
2021-01-04 21:54,2021-01-04 22:45,Mon,2021-01-04 23:17,16,30
2021-01-04 23:18,2021-01-05 03:35,Tue,2021-01-05 08:03,15,33
2021-01-05 08:04,2021-01-05 10:30,Tue,2021-01-05 14:57,20,20
2021-01-05 14:58,2021-01-05 18:35,Tue,2021-01-05 19:18,17,29
2021-01-05 19:19,2021-01-05 19:38,Tue,2021-01-05 20:53,13,9
2021-01-05 20:54,2021-01-05 21:37,Tue,2021-01-05 21:55,18,18
2021-01-05 21:56,2021-01-05 21:59,Tue,2021-01-05 22:01,10,3
2021-01-05 22:02,2021-01-06 00:10,Wed,2021-01-06 02:02,13,48
2021-01-06 02:03,2021-01-06 02:59,Wed,2021-01-06 04:15,13,11
2021-01-06 04:16,2021-01-06 05:24,Wed,2021-01-06 07:01,13,9
2021-01-06 07:02,2021-01-06 07:09,Wed,2021-01-06 07:50,29,9
2021-01-06 07:51,2021-01-06 09:55,Wed,2021-01-06 10:16,14,39
2021-01-06 10:17,2021-01-06 10:56,Wed,2021-01-06 11:21,11,8
2021-01-06 11:22,2021-01-06 11:23,Wed,2021-01-06 11:50,11,6
2021-01-06 11:51,2021-01-06 14:43,Wed,2021-01-06 15:19,15,52
2021-01-06 15:20,2021-01-06 15:22,Wed,2021-01-06 15:38,8,3
2021-01-06 15:39,2021-01-06 16:00,Wed,2021-01-06 17:01,20,15
2021-01-06 17:02,2021-01-06 17:06,Wed,2021-01-06 17:13,8,3
2021-01-06 17:14,2021-01-06 18:34,Wed,2021-01-06 19:48,17,14
2021-01-06 19:49,2021-01-06 20:02,Wed,2021-01-06 20:26,14,10
2021-01-06 20:27,2021-01-06 21:07,Wed,2021-01-06 21:12,14,50
2021-01-06 21:13,2021-01-06 21:34,Wed,2021-01-06 21:51,17,14
2021-01-06 21:52,2021-01-06 21:54,Wed,2021-01-06 21:57,8,5
2021-01-06 21:58,2021-01-06 22:15,Wed,2021-01-06 22:41,16,10
2021-01-06 22:42,2021-01-06 22:45,Wed,2021-01-06 22:49,12,4
2021-01-06 22:50,2021-01-06 23:10,Wed,2021-01-06 23:48,17,23
2021-01-06 23:49,2021-01-07 01:52,Thu,2021-01-07 02:50,17,32
2021-01-07 02:51,2021-01-07 03:17,Thu,2021-01-07 03:49,15,36
2021-01-07 03:50,2021-01-07 05:29,Thu,2021-01-07 06:17,12,8
2021-01-07 06:18,2021-01-07 07:02,Thu,2021-01-07 07:17,11,6
2021-01-07 07:18,2021-01-07 13:10,Thu,2021-01-07 13:41,15,35
2021-01-07 13:42,2021-01-07 14:02,Thu,2021-01-07 14:32,11,6
2021-01-07 14:33,2021-01-07 17:51,Thu,2021-01-07 18:27,13,71
2021-01-07 18:28,2021-01-07 18:37,Thu,2021-01-07 19:01,11,6
2021-01-07 19:02,2021-01-07 21:15,Thu,2021-01-07 21:39,19,31
2021-01-07 21:40,2021-01-07 22:19,Thu,2021-01-07 22:38,18,18
2021-01-07 22:39,2021-01-07 22:41,Thu,2021-01-07 22:52,9,3
2021-01-07 22:53,2021-01-07 22:56,Thu,2021-01-07 23:05,12,7
2021-01-07 23:06,2021-01-07 23:35,Thu,2021-01-07 23:58,15,10
2021-01-07 23:59,2021-01-08 00:08,Fri,2021-01-08 00:27,12,7
2021-01-08 00:28,2021-01-08 00:31,Fri,2021-01-08 00:45,9,4
2021-01-08 00:46,2021-01-08 01:07,Fri,2021-01-08 01:32,11,6
2021-01-08 01:33,2021-01-08 01:44,Fri,2021-01-08 02:18,10,4
2021-01-08 02:19,2021-01-08 02:27,Fri,2021-01-08 02:54,9,4
2021-01-08 02:55,2021-01-08 03:44,Fri,2021-01-08 04:26,13,9
2021-01-08 04:27,2021-01-08 04:32,Fri,2021-01-08 04:57,8,4
2021-01-08 04:58,2021-01-08 07:29,Fri,2021-01-08 07:39,13,12
2021-01-08 07:40,2021-01-08 08:16,Fri,2021-01-08 09:26,18,25
2021-01-08 09:27,2021-01-08 12:25,Fri,2021-01-08 14:39,17,14
2021-01-08 14:40,2021-01-08 15:11,Fri,2021-01-08 15:27,15,36
2021-01-08 15:28,2021-01-08 15:54,Fri,2021-01-08 16:04,13,12
2021-01-08 16:05,2021-01-08 20:04,Fri,2021-01-08 20:31,16,33
2021-01-08 20:32,2021-01-08 20:34,Fri,2021-01-08 20:38,11,6
2021-01-08 20:39,2021-01-08 20:46,Fri,2021-01-08 20:54,22,26
2021-01-08 20:55,2021-01-08 21:26,Fri,2021-01-08 21:43,19,23
2021-01-08 21:44,2021-01-08 21:46,Fri,2021-01-08 21:50,8,3
2021-01-08 21:51,2021-01-08 22:23,Fri,2021-01-08 22:55,16,31
2021-01-08 22:56,2021-01-08 23:00,Fri,2021-01-08 23:14,18,14
2021-01-08 23:15,2021-01-08 23:48,Fri,2021-01-09 00:06,18,24
2021-01-09 00:07,2021-01-09 00:14,Sat,2021-01-09 00:25,11,7
2021-01-09 00:26,2021-01-09 01:46,Sat,2021-01-09 02:07,15,45
2021-01-09 02:08,2021-01-09 02:30,Sat,2021-01-09 02:50,13,7
2021-01-09 02:51,2021-01-09 03:03,Sat,2021-01-09 03:33,9,4
2021-01-09 03:34,2021-01-09 03:59,Sat,2021-01-11 05:06,11,6
2021-01-11 05:07,2021-01-11 05:11,Mon,2021-01-11 05:30,11,6
2021-01-11 05:31,2021-01-11 09:20,Mon,2021-01-11 12:57,14,53
2021-01-11 12:58,2021-01-11 13:00,Mon,2021-01-11 13:32,10,3
2021-01-11 13:33,2021-01-11 13:47,Mon,2021-01-11 14:07,8,5
2021-01-11 14:08,2021-01-11 14:15,Mon,2021-01-11 14:33,9,4
2021-01-11 14:34,2021-01-11 14:37,Mon,2021-01-11 15:02,8,4
2021-01-11 15:03,2021-01-11 15:04,Mon,2021-01-11 15:10,8,3
2021-01-11 15:11,2021-01-11 15:41,Mon,2021-01-11 15:52,16,9
2021-01-11 15:53,2021-01-11 16:08,Mon,2021-01-11 16:14,13,8
2021-01-11 16:15,2021-01-11 16:35,Mon,2021-01-11 16:39,11,8
2021-01-11 16:40,2021-01-11 20:58,Mon,2021-01-11 21:07,16,36
2021-01-11 21:08,2021-01-11 21:18,Mon,2021-01-11 21:32,18,17
2021-01-11 21:33,2021-01-11 22:01,Mon,2021-01-11 22:22,19,22
2021-01-11 22:23,2021-01-11 22:28,Mon,2021-01-11 22:37,9,4
2021-01-11 22:38,2021-01-12 00:10,Tue,2021-01-12 03:28,16,30
2021-01-12 03:29,2021-01-12 03:48,Tue,2021-01-12 04:41,9,5
2021-01-12 04:42,2021-01-12 04:59,Tue,2021-01-12 06:36,11,6
2021-01-12 06:37,2021-01-12 07:03,Tue,2021-01-12 07:16,8,5
2021-01-12 07:17,2021-01-12 07:21,Tue,2021-01-12 08:00,8,3
2021-01-12 08:01,2021-01-12 08:10,Tue,2021-01-12 08:17,10,5
2021-01-12 08:18,2021-01-12 11:44,Tue,2021-01-12 13:46,17,14
2021-01-12 13:47,2021-01-12 14:31,Tue,2021-01-12 15:03,18,18
2021-01-12 15:04,2021-01-12 16:08,Tue,2021-01-12 16:25,19,16
2021-01-12 16:26,2021-01-12 16:28,Tue,2021-01-12 16:33,11,6
2021-01-12 16:34,2021-01-12 16:39,Tue,2021-01-12 16:49,11,8
2021-01-12 16:50,2021-01-12 16:53,Tue,2021-01-12 16:57,10,3
2021-01-12 16:58,2021-01-12 17:03,Tue,2021-01-12 17:10,11,7
2021-01-12 17:11,2021-01-12 17:24,Tue,2021-01-12 17:43,8,5
2021-01-12 17:44,2021-01-12 17:47,Tue,2021-01-12 17:58,10,4
2021-01-12 17:59,2021-01-12 18:00,Tue,2021-01-12 18:30,9,3
2021-01-12 18:31,2021-01-12 18:43,Tue,2021-01-12 18:57,8,5
2021-01-12 18:58,2021-01-12 19:16,Tue,2021-01-12 20:09,13,6
2021-01-12 20:10,2021-01-12 20:14,Tue,2021-01-12 20:22,10,3
2021-01-12 20:23,2021-01-12 20:31,Tue,2021-01-12 20:43,11,7
2021-01-12 20:44,2021-01-12 20:52,Tue,2021-01-12 21:06,12,6
2021-01-12 21:07,2021-01-13 07:18,Wed,2021-01-13 08:02,9,76
2021-01-13 08:03,2021-01-13 08:19,Wed,2021-01-13 08:29,9,5
2021-01-13 08:30,2021-01-13 10:26,Wed,2021-01-13 11:59,11,7
2021-01-13 12:00,2021-01-13 12:44,Wed,2021-01-13 14:26,11,6
2021-01-13 14:27,2021-01-13 14:33,Wed,2021-01-13 14:46,8,5
2021-01-13 14:47,2021-01-13 14:53,Wed,2021-01-13 14:55,8,4
2021-01-13 14:56,2021-01-13 15:12,Wed,2021-01-13 15:34,14,11
2021-01-13 15:35,2021-01-13 18:57,Wed,2021-01-13 20:36,15,35
2021-01-13 20:37,2021-01-13 20:48,Wed,2021-01-13 22:21,18,22
2021-01-13 22:22,2021-01-14 00:18,Thu,2021-01-14 00:29,18,38
2021-01-14 00:30,2021-01-14 00:34,Thu,2021-01-14 00:48,11,6
2021-01-14 00:49,2021-01-14 01:04,Thu,2021-01-14 01:57,13,11
2021-01-14 01:58,2021-01-14 03:53,Thu,2021-01-14 06:52,14,12
2021-01-14 06:53,2021-01-14 07:26,Thu,2021-01-14 09:24,16,10
2021-01-14 09:25,2021-01-14 09:30,Thu,2021-01-14 09:52,19,19
2021-01-14 09:53,2021-01-14 14:52,Thu,2021-01-14 15:09,21,19
2021-01-14 15:10,2021-01-14 15:30,Thu,2021-01-14 15:41,13,11
2021-01-14 15:42,2021-01-14 15:50,Thu,2021-01-14 16:19,11,6
2021-01-14 16:20,2021-01-14 16:21,Thu,2021-01-14 16:32,8,3
2021-01-14 16:33,2021-01-14 17:54,Thu,2021-01-14 18:28,13,10
2021-01-14 18:29,2021-01-14 18:35,Thu,2021-01-14 18:54,8,5
2021-01-14 18:55,2021-01-14 19:00,Thu,2021-01-14 19:24,9,3
2021-01-14 19:25,2021-01-14 19:47,Thu,2021-01-14 19:59,18,7
2021-01-14 20:00,2021-01-14 20:28,Thu,2021-01-14 22:45,18,18
2021-01-14 22:46,2021-01-14 22:51,Thu,2021-01-14 22:55,8,3
2021-01-14 22:56,2021-01-14 22:57,Thu,2021-01-14 23:07,8,3
2021-01-14 23:08,2021-01-15 00:55,Fri,2021-01-15 01:12,16,38
2021-01-15 01:13,2021-01-15 01:16,Fri,2021-01-15 01:21,11,5
2021-01-15 01:22,2021-01-15 02:00,Fri,2021-01-15 03:47,17,15
2021-01-15 03:48,2021-01-15 03:54,Fri,2021-01-15 04:39,8,3
2021-01-15 04:40,2021-01-15 05:27,Fri,2021-01-15 07:18,11,8
2021-01-15 07:19,2021-01-15 15:28,Fri,2021-01-15 16:02,14,42
2021-01-15 16:03,2021-01-15 16:06,Fri,2021-01-15 16:31,8,5
2021-01-15 16:32,2021-01-15 16:42,Fri,2021-01-15 17:35,11,6
2021-01-15 17:36,2021-01-15 20:00,Fri,2021-01-15 20:39,17,26
2021-01-15 20:40,2021-01-15 22:23,Fri,2021-01-15 23:28,15,46
2021-01-15 23:29,2021-01-18 06:59,Mon,2021-01-18 08:46,15,35
2021-01-18 08:47,2021-01-18 09:51,Mon,2021-01-18 10:23,11,8
2021-01-18 10:24,2021-01-18 11:31,Mon,2021-01-18 13:50,13,10
2021-01-18 13:51,2021-01-18 14:06,Mon,2021-01-18 14:17,11,6
2021-01-18 14:18,2021-01-18 17:32,Mon,2021-01-18 18:16,16,28
2021-01-18 18:17,2021-01-18 18:21,Mon,2021-01-18 18:54,8,4
2021-01-18 18:55,2021-01-18 19:57,Mon,2021-01-18 20:32,14,11
2021-01-18 20:33,2021-01-18 21:18,Mon,2021-01-18 22:36,13,6
2021-01-18 22:37,2021-01-18 22:53,Mon,2021-01-18 23:32,11,7
2021-01-18 23:33,2021-01-18 23:46,Mon,2021-01-19 00:13,8,5
2021-01-19 00:14,2021-01-19 15:06,Tue,2021-01-19 16:11,13,47
2021-01-19 16:12,2021-01-19 21:14,Tue,2021-01-19 21:47,14,41
2021-01-19 21:48,2021-01-19 22:16,Tue,2021-01-19 22:35,14,12
2021-01-19 22:36,2021-01-19 22:44,Tue,2021-01-19 22:53,8,5
2021-01-19 22:54,2021-01-19 23:09,Tue,2021-01-19 23:25,13,10
2021-01-19 23:26,2021-01-19 23:32,Tue,2021-01-19 23:46,8,5
2021-01-19 23:47,2021-01-19 23:58,Tue,2021-01-20 00:25,8,3
2021-01-20 00:26,2021-01-20 13:44,Wed,2021-01-20 15:15,14,40
2021-01-20 15:16,2021-01-20 15:21,Wed,2021-01-20 15:32,12,7
2021-01-20 15:33,2021-01-20 15:45,Wed,2021-01-20 16:05,14,6
2021-01-20 16:06,2021-01-20 16:08,Wed,2021-01-20 16:29,8,3
2021-01-20 16:30,2021-01-20 16:44,Wed,2021-01-20 17:20,13,10
2021-01-20 17:21,2021-01-20 17:52,Wed,2021-01-20 19:04,13,10
2021-01-20 19:05,2021-01-20 21:53,Wed,2021-01-20 22:09,15,37
2021-01-20 22:10,2021-01-20 22:46,Wed,2021-01-20 23:04,19,23
2021-01-20 23:05,2021-01-20 23:06,Wed,2021-01-20 23:15,8,3
2021-01-20 23:16,2021-01-20 23:24,Wed,2021-01-20 23:39,8,5
2021-01-20 23:40,2021-01-20 23:52,Wed,2021-01-21 03:33,13,9
2021-01-21 03:34,2021-01-21 12:47,Thu,2021-01-21 14:58,19,38
2021-01-21 14:59,2021-01-21 15:05,Thu,2021-01-21 15:39,12,8
2021-01-21 15:40,2021-01-21 20:50,Thu,2021-01-21 20:57,16,51
2021-01-21 20:58,2021-01-21 21:38,Thu,2021-01-21 22:09,18,18
2021-01-21 22:10,2021-01-21 22:29,Thu,2021-01-21 22:55,13,11
2021-01-21 22:56,2021-01-22 00:19,Fri,2021-01-22 01:37,20,18
2021-01-22 01:38,2021-01-22 01:48,Fri,2021-01-22 02:11,8,4
2021-01-22 02:12,2021-01-22 07:15,Fri,2021-01-22 14:01,18,20
2021-01-22 14:02,2021-01-22 15:21,Fri,2021-01-22 15:32,14,12
2021-01-22 15:33,2021-01-22 16:00,Fri,2021-01-22 16:21,17,24
2021-01-22 16:22,2021-01-22 16:38,Fri,2021-01-22 16:45,14,6
2021-01-22 16:46,2021-01-22 18:46,Fri,2021-01-22 19:25,18,24
2021-01-22 19:26,2021-01-22 21:14,Fri,2021-01-22 21:59,19,15
2021-01-22 22:00,2021-01-22 22:16,Fri,2021-01-22 22:42,13,10
2021-01-22 22:43,2021-01-22 22:53,Fri,2021-01-22 23:48,18,13
2021-01-22 23:49,2021-01-25 05:12,Mon,2021-01-25 09:44,17,24
2021-01-25 09:45,2021-01-25 09:57,Mon,2021-01-25 11:33,11,6
2021-01-25 11:34,2021-01-25 12:02,Mon,2021-01-25 13:00,8,5
2021-01-25 13:01,2021-01-25 17:13,Mon,2021-01-25 17:48,14,41
2021-01-25 17:49,2021-01-25 17:51,Mon,2021-01-25 18:02,8,3
2021-01-25 18:03,2021-01-25 18:09,Mon,2021-01-25 18:47,8,5
2021-01-25 18:48,2021-01-25 22:11,Mon,2021-01-25 22:56,13,46
2021-01-25 22:57,2021-01-25 23:00,Mon,2021-01-25 23:05,9,5
2021-01-25 23:06,2021-01-25 23:09,Mon,2021-01-25 23:20,9,3
2021-01-25 23:21,2021-01-25 23:24,Mon,2021-01-25 23:39,8,3
2021-01-25 23:40,2021-01-26 00:43,Tue,2021-01-26 11:39,17,13
2021-01-26 11:40,2021-01-26 12:38,Tue,2021-01-26 13:38,9,5
2021-01-26 13:39,2021-01-26 14:03,Tue,2021-01-26 14:32,11,6
2021-01-26 14:33,2021-01-26 14:57,Tue,2021-01-26 15:10,13,10
2021-01-26 15:11,2021-01-26 22:36,Tue,2021-01-26 23:12,14,52
2021-01-26 23:13,2021-01-26 23:53,Tue,2021-01-27 01:12,18,19
2021-01-27 01:13,2021-01-27 02:48,Wed,2021-01-27 05:09,12,8
2021-01-27 05:10,2021-01-27 05:29,Wed,2021-01-27 06:58,8,5
2021-01-27 06:59,2021-01-27 07:28,Wed,2021-01-27 09:02,12,7
2021-01-27 09:03,2021-01-27 11:21,Wed,2021-01-27 12:55,11,7
2021-01-27 12:56,2021-01-27 20:49,Wed,2021-01-27 20:57,14,67
2021-01-27 20:58,2021-01-27 21:50,Wed,2021-01-27 21:57,14,52
2021-01-27 21:58,2021-01-27 21:59,Wed,2021-01-27 22:01,9,5
2021-01-27 22:02,2021-01-27 22:07,Wed,2021-01-27 22:15,11,4
2021-01-27 22:16,2021-01-28 02:00,Thu,2021-01-28 02:17,16,55
2021-01-28 02:18,2021-01-28 02:35,Thu,2021-01-28 02:42,12,7
2021-01-28 02:43,2021-01-28 03:02,Thu,2021-01-28 04:19,19,20
2021-01-28 04:20,2021-01-28 07:54,Thu,2021-01-28 08:22,16,31
2021-01-28 08:23,2021-01-28 08:34,Thu,2021-01-28 08:44,8,4
2021-01-28 08:45,2021-01-28 08:53,Thu,2021-01-28 09:38,8,5
2021-01-28 09:39,2021-01-28 11:25,Thu,2021-01-28 12:55,13,11
2021-01-28 12:56,2021-01-28 12:59,Thu,2021-01-28 13:02,8,4
2021-01-28 13:03,2021-01-28 13:08,Thu,2021-01-28 13:55,8,3
2021-01-28 13:56,2021-01-28 14:36,Thu,2021-01-28 15:05,18,22
2021-01-28 15:06,2021-01-28 15:17,Thu,2021-01-28 15:22,8,5
2021-01-28 15:23,2021-01-28 15:50,Thu,2021-01-28 16:16,18,24
2021-01-28 16:17,2021-01-28 16:20,Thu,2021-01-28 16:36,9,3
2021-01-28 16:37,2021-01-28 16:52,Thu,2021-01-28 17:49,11,6
2021-01-28 17:50,2021-01-28 20:16,Thu,2021-01-28 20:44,17,28
2021-01-28 20:45,2021-01-28 21:01,Thu,2021-01-28 21:18,15,37
2021-01-28 21:19,2021-01-28 21:22,Thu,2021-01-28 21:33,10,3
2021-01-28 21:34,2021-01-28 21:37,Thu,2021-01-28 21:41,8,4
2021-01-28 21:42,2021-01-28 21:58,Thu,2021-01-28 22:11,11,8
2021-01-28 22:12,2021-01-28 22:19,Thu,2021-01-28 22:34,8,4
2021-01-28 22:35,2021-01-28 22:37,Thu,2021-01-28 22:51,9,4
2021-01-28 22:52,2021-01-28 23:01,Thu,2021-01-29 01:24,11,8
2021-01-29 01:25,2021-01-29 02:19,Fri,2021-01-29 03:55,13,10
2021-01-29 03:56,2021-01-29 11:02,Fri,2021-01-29 15:22,17,31
2021-01-29 15:23,2021-01-29 15:32,Fri,2021-01-29 15:45,11,8
2021-01-29 15:46,2021-01-29 15:52,Fri,2021-01-29 15:57,13,9
2021-01-29 15:58,2021-01-29 16:07,Fri,2021-01-29 16:11,8,5
2021-01-29 16:12,2021-01-29 16:31,Fri,2021-01-29 16:49,11,7
2021-01-29 16:50,2021-01-29 17:05,Fri,2021-01-29 17:24,18,12
2021-01-29 17:25,2021-01-29 17:41,Fri,2021-01-29 17:58,13,8
2021-01-29 17:59,2021-01-29 18:04,Fri,2021-01-29 18:33,8,5
2021-01-29 18:34,2021-01-29 18:59,Fri,2021-01-29 19:07,14,11
2021-01-29 19:08,2021-01-29 19:16,Fri,2021-01-29 19:46,12,5
2021-01-29 19:47,2021-01-29 20:07,Fri,2021-01-29 20:36,21,17
2021-01-29 20:37,2021-01-29 20:53,Fri,2021-01-29 21:03,11,7
2021-01-29 21:04,2021-01-29 22:45,Fri,2021-01-29 22:52,16,28
2021-01-29 22:53,2021-01-29 23:00,Fri,2021-01-29 23:06,12,8
2021-01-29 23:07,2021-01-29 23:16,Fri,2021-01-29 23:42,13,9
2021-01-29 23:43,2021-02-01 16:00,Mon,2021-02-01 16:19,13,60
2021-02-01 16:20,2021-02-01 16:25,Mon,2021-02-01 16:35,9,5
2021-02-01 16:36,2021-02-01 17:42,Mon,2021-02-01 19:02,16,32
2021-02-01 19:03,2021-02-01 19:16,Mon,2021-02-01 19:55,9,4
2021-02-01 19:56,2021-02-01 21:26,Mon,2021-02-01 22:53,17,26
2021-02-01 22:54,2021-02-01 22:59,Mon,2021-02-01 23:15,8,4
2021-02-01 23:16,2021-02-01 23:23,Mon,2021-02-01 23:57,13,6
2021-02-01 23:58,2021-02-02 00:14,Tue,2021-02-02 01:15,13,10
2021-02-02 01:16,2021-02-02 01:22,Tue,2021-02-02 01:33,9,4
2021-02-02 01:34,2021-02-02 01:50,Tue,2021-02-02 02:13,8,4
2021-02-02 02:14,2021-02-02 02:40,Tue,2021-02-02 02:54,8,4
2021-02-02 02:55,2021-02-02 03:09,Tue,2021-02-02 03:27,8,5
2021-02-02 03:28,2021-02-02 03:32,Tue,2021-02-02 03:59,9,3
2021-02-02 04:00,2021-02-02 09:00,Tue,2021-02-02 13:27,16,30
2021-02-02 13:28,2021-02-02 14:26,Tue,2021-02-02 14:41,12,8
2021-02-02 14:42,2021-02-02 14:57,Tue,2021-02-02 15:18,13,9
2021-02-02 15:19,2021-02-02 15:36,Tue,2021-02-02 16:33,14,10
2021-02-02 16:34,2021-02-02 18:37,Tue,2021-02-02 20:00,14,43
2021-02-02 20:01,2021-02-02 20:04,Tue,2021-02-02 20:24,11,8
2021-02-02 20:25,2021-02-02 20:40,Tue,2021-02-02 20:55,11,8
2021-02-02 20:56,2021-02-02 20:58,Tue,2021-02-02 21:20,8,3
2021-02-02 21:21,2021-02-02 21:29,Tue,2021-02-02 21:36,8,3
2021-02-02 21:37,2021-02-03 00:38,Wed,2021-02-03 03:45,17,23
2021-02-03 03:46,2021-02-03 08:17,Wed,2021-02-03 14:06,18,20
2021-02-03 14:07,2021-02-03 14:47,Wed,2021-02-03 15:00,13,12
2021-02-03 15:01,2021-02-03 15:10,Wed,2021-02-03 16:00,17,8
2021-02-03 16:01,2021-02-03 16:07,Wed,2021-02-03 16:31,16,11
2021-02-03 16:32,2021-02-03 19:20,Wed,2021-02-03 19:42,17,26
2021-02-03 19:43,2021-02-03 19:58,Wed,2021-02-03 21:12,14,10
2021-02-03 21:13,2021-02-03 21:19,Wed,2021-02-03 21:34,9,4
2021-02-03 21:35,2021-02-03 22:46,Wed,2021-02-03 23:22,18,23
2021-02-03 23:23,2021-02-03 23:30,Wed,2021-02-04 00:43,8,4
2021-02-04 00:44,2021-02-04 01:18,Thu,2021-02-04 03:44,13,9
2021-02-04 03:45,2021-02-04 05:24,Thu,2021-02-04 06:59,13,9
2021-02-04 07:00,2021-02-04 07:13,Thu,2021-02-04 08:41,8,4
2021-02-04 08:42,2021-02-04 09:10,Thu,2021-02-04 10:06,8,4
2021-02-04 10:07,2021-02-04 16:20,Thu,2021-02-04 17:35,13,48
2021-02-04 17:36,2021-02-04 20:05,Thu,2021-02-04 21:40,17,14
2021-02-04 21:41,2021-02-04 22:01,Thu,2021-02-04 22:16,11,7
2021-02-04 22:17,2021-02-04 22:33,Thu,2021-02-04 22:57,11,7
2021-02-04 22:58,2021-02-05 10:00,Fri,2021-02-05 15:04,17,25
2021-02-05 15:05,2021-02-05 15:58,Fri,2021-02-05 18:01,17,16
2021-02-05 18:02,2021-02-05 20:47,Fri,2021-02-05 20:56,13,50
2021-02-05 20:57,2021-02-06 04:55,Sat,2021-02-08 05:05,13,48
2021-02-08 05:06,2021-02-08 07:06,Mon,2021-02-08 07:56,18,18
2021-02-08 07:57,2021-02-08 08:10,Mon,2021-02-08 08:59,8,5
2021-02-08 09:00,2021-02-08 09:09,Mon,2021-02-08 10:22,8,5
2021-02-08 10:23,2021-02-08 11:58,Mon,2021-02-08 12:18,8,5
2021-02-08 12:19,2021-02-08 14:13,Mon,2021-02-08 14:42,13,10
2021-02-08 14:43,2021-02-08 14:49,Mon,2021-02-08 14:58,8,3
2021-02-08 14:59,2021-02-08 15:13,Mon,2021-02-08 15:18,12,7
2021-02-08 15:19,2021-02-08 15:22,Mon,2021-02-08 15:27,8,4
2021-02-08 15:28,2021-02-08 15:37,Mon,2021-02-08 17:13,11,6
2021-02-08 17:14,2021-02-08 17:32,Mon,2021-02-08 17:47,9,3
2021-02-08 17:48,2021-02-08 17:54,Mon,2021-02-08 18:38,8,3
2021-02-08 18:39,2021-02-08 19:44,Mon,2021-02-08 20:50,19,18
2021-02-08 20:51,2021-02-08 22:04,Mon,2021-02-08 22:58,17,26
2021-02-08 22:59,2021-02-08 23:07,Mon,2021-02-08 23:15,8,4
2021-02-08 23:16,2021-02-08 23:24,Mon,2021-02-09 00:06,13,10
2021-02-09 00:07,2021-02-09 00:55,Tue,2021-02-09 02:46,11,8
2021-02-09 02:47,2021-02-09 02:58,Tue,2021-02-09 04:04,8,3
2021-02-09 04:05,2021-02-09 05:05,Tue,2021-02-09 07:25,11,6
2021-02-09 07:26,2021-02-09 14:20,Tue,2021-02-09 15:27,17,31
2021-02-09 15:28,2021-02-09 16:56,Tue,2021-02-09 18:01,13,47
2021-02-09 18:02,2021-02-09 18:12,Tue,2021-02-09 18:54,8,4
2021-02-09 18:55,2021-02-09 22:06,Tue,2021-02-10 00:22,18,17
2021-02-10 00:23,2021-02-10 01:09,Wed,2021-02-10 02:27,11,7
2021-02-10 02:28,2021-02-10 04:55,Wed,2021-02-10 08:12,12,8
2021-02-10 08:13,2021-02-10 15:53,Wed,2021-02-10 16:20,15,33
2021-02-10 16:21,2021-02-10 16:42,Wed,2021-02-10 17:33,13,12
2021-02-10 17:34,2021-02-10 18:27,Wed,2021-02-10 19:08,11,7
2021-02-10 19:09,2021-02-10 19:20,Wed,2021-02-10 19:30,8,5
2021-02-10 19:31,2021-02-10 19:46,Wed,2021-02-10 20:04,10,3
2021-02-10 20:05,2021-02-10 21:30,Wed,2021-02-11 03:46,18,18
2021-02-11 03:47,2021-02-11 07:36,Thu,2021-02-11 12:18,11,7
2021-02-11 12:19,2021-02-11 14:05,Thu,2021-02-11 15:07,12,8
2021-02-11 15:08,2021-02-11 15:22,Thu,2021-02-11 16:11,11,6
2021-02-11 16:12,2021-02-11 16:24,Thu,2021-02-11 17:07,11,6
2021-02-11 17:08,2021-02-11 18:11,Thu,2021-02-11 19:38,11,7
2021-02-11 19:39,2021-02-11 20:12,Thu,2021-02-11 22:55,18,18
2021-02-11 22:56,2021-02-11 23:40,Thu,2021-02-12 03:36,13,12
2021-02-12 03:37,2021-02-12 18:23,Fri,2021-02-12 19:33,15,40
2021-02-12 19:34,2021-02-12 21:18,Fri,2021-02-12 22:02,16,32
2021-02-12 22:03,2021-02-12 22:04,Fri,2021-02-12 22:27,8,3
2021-02-12 22:28,2021-02-15 15:14,Mon,2021-02-15 17:28,13,45
2021-02-15 17:29,2021-02-15 18:05,Mon,2021-02-15 18:18,8,4
2021-02-15 18:19,2021-02-15 18:38,Mon,2021-02-15 18:51,8,4
2021-02-15 18:52,2021-02-15 21:12,Mon,2021-02-15 23:19,13,12
2021-02-15 23:20,2021-02-16 00:01,Tue,2021-02-16 04:56,13,10
2021-02-16 04:57,2021-02-16 04:59,Tue,2021-02-16 06:46,8,3
2021-02-16 06:47,2021-02-16 10:31,Tue,2021-02-16 14:28,18,18
2021-02-16 14:29,2021-02-16 14:32,Tue,2021-02-16 15:02,8,3
2021-02-16 15:03,2021-02-16 19:19,Tue,2021-02-16 19:54,17,35
2021-02-16 19:55,2021-02-16 21:50,Tue,2021-02-16 22:11,14,56
2021-02-16 22:12,2021-02-16 22:48,Tue,2021-02-16 22:58,12,8
2021-02-16 22:59,2021-02-16 23:03,Tue,2021-02-16 23:08,8,4
2021-02-16 23:09,2021-02-17 00:09,Wed,2021-02-17 03:48,13,10
2021-02-17 03:49,2021-02-17 15:51,Wed,2021-02-17 16:11,13,51
2021-02-17 16:12,2021-02-17 20:48,Wed,2021-02-17 21:32,14,50
2021-02-17 21:33,2021-02-17 21:35,Wed,2021-02-17 21:45,8,3
2021-02-17 21:46,2021-02-17 21:57,Wed,2021-02-17 22:07,8,5
2021-02-17 22:08,2021-02-17 22:54,Wed,2021-02-17 23:57,17,16
2021-02-17 23:58,2021-02-18 00:15,Thu,2021-02-18 00:50,8,4
2021-02-18 00:51,2021-02-18 02:29,Thu,2021-02-18 07:20,14,12
2021-02-18 07:21,2021-02-18 07:48,Thu,2021-02-18 09:08,11,6
2021-02-18 09:09,2021-02-18 10:31,Thu,2021-02-18 14:47,15,9
2021-02-18 14:48,2021-02-18 15:07,Thu,2021-02-18 15:28,12,6
2021-02-18 15:29,2021-02-18 15:36,Thu,2021-02-18 15:45,9,3
2021-02-18 15:46,2021-02-18 15:48,Thu,2021-02-18 16:41,8,3
2021-02-18 16:42,2021-02-18 16:59,Thu,2021-02-18 17:46,11,6
2021-02-18 17:47,2021-02-18 20:42,Thu,2021-02-18 21:39,16,27
2021-02-18 21:40,2021-02-18 21:47,Thu,2021-02-18 22:16,13,6
2021-02-18 22:17,2021-02-19 07:58,Fri,2021-02-19 09:18,15,34
2021-02-19 09:19,2021-02-19 18:01,Fri,2021-02-19 20:25,14,62
2021-02-19 20:26,2021-02-19 20:57,Fri,2021-02-19 21:18,11,7
2021-02-19 21:19,2021-02-19 21:32,Fri,2021-02-19 22:16,11,7
2021-02-19 22:17,2021-02-19 22:25,Fri,2021-02-19 22:32,9,5
2021-02-19 22:33,2021-02-19 23:02,Fri,2021-02-19 23:30,14,10
2021-02-19 23:31,2021-02-19 23:37,Fri,2021-02-20 00:17,8,3
2021-02-20 00:18,2021-02-20 01:34,Sat,2021-02-22 06:50,17,26
2021-02-22 06:51,2021-02-22 07:01,Mon,2021-02-22 07:32,10,5
2021-02-22 07:33,2021-02-22 07:52,Mon,2021-02-22 08:19,11,7
2021-02-22 08:20,2021-02-22 14:22,Mon,2021-02-22 15:07,16,29
2021-02-22 15:08,2021-02-22 15:45,Mon,2021-02-22 16:18,16,31
2021-02-22 16:19,2021-02-22 16:55,Mon,2021-02-22 17:18,13,12
2021-02-22 17:19,2021-02-22 17:23,Mon,2021-02-22 17:34,8,3
2021-02-22 17:35,2021-02-22 20:48,Mon,2021-02-22 21:34,19,27
2021-02-22 21:35,2021-02-22 22:13,Mon,2021-02-22 22:57,20,21
2021-02-22 22:58,2021-02-22 23:01,Mon,2021-02-22 23:06,8,3
2021-02-22 23:07,2021-02-22 23:16,Mon,2021-02-22 23:28,8,4
2021-02-22 23:29,2021-02-22 23:31,Mon,2021-02-22 23:59,8,3
2021-02-23 00:00,2021-02-23 01:43,Tue,2021-02-23 03:57,18,15
2021-02-23 03:58,2021-02-23 14:48,Tue,2021-02-23 15:06,16,29
2021-02-23 15:07,2021-02-23 21:50,Tue,2021-02-23 22:11,17,32
2021-02-23 22:12,2021-02-23 22:15,Tue,2021-02-23 22:29,14,10
2021-02-23 22:30,2021-02-23 22:45,Tue,2021-02-23 22:51,9,5
2021-02-23 22:52,2021-02-23 22:56,Tue,2021-02-23 23:02,11,5
2021-02-23 23:03,2021-02-23 23:04,Tue,2021-02-23 23:10,8,3
2021-02-23 23:11,2021-02-23 23:59,Tue,2021-02-24 08:06,18,20
2021-02-24 08:07,2021-02-24 08:18,Wed,2021-02-24 08:23,8,3
2021-02-24 08:24,2021-02-24 08:53,Wed,2021-02-24 11:47,17,16
2021-02-24 11:48,2021-02-24 12:13,Wed,2021-02-24 13:36,8,4
2021-02-24 13:37,2021-02-24 15:15,Wed,2021-02-24 15:31,18,12
2021-02-24 15:32,2021-02-24 17:28,Wed,2021-02-24 18:50,18,24
2021-02-24 18:51,2021-02-24 18:59,Wed,2021-02-24 19:22,8,5
2021-02-24 19:23,2021-02-24 20:19,Wed,2021-02-24 20:38,15,41
2021-02-24 20:39,2021-02-24 22:17,Wed,2021-02-24 22:25,18,38
2021-02-24 22:26,2021-02-24 22:56,Wed,2021-02-24 23:07,16,11
2021-02-24 23:08,2021-02-24 23:11,Wed,2021-02-24 23:25,9,4
2021-02-24 23:26,2021-02-24 23:43,Wed,2021-02-25 00:00,12,6
2021-02-25 00:01,2021-02-25 01:02,Thu,2021-02-25 02:30,11,7
2021-02-25 02:31,2021-02-25 02:46,Thu,2021-02-25 03:07,8,4
2021-02-25 03:08,None,Thu,2021-02-25 03:24,0,77
2021-02-25 03:25,2021-02-25 04:33,Thu,2021-02-25 09:06,17,15
2021-02-25 09:07,None,Thu,2021-02-25 09:09,0,78
2021-02-25 09:10,2021-02-25 17:33,Thu,2021-02-25 17:42,11,77
2021-02-25 17:43,2021-02-25 17:49,Thu,2021-02-25 18:03,13,8
2021-02-25 18:04,2021-02-25 18:15,Thu,2021-02-25 18:32,8,5
2021-02-25 18:33,2021-02-25 18:49,Thu,2021-02-25 19:34,13,9
2021-02-25 19:35,2021-02-25 21:01,Thu,2021-02-25 21:38,17,25
2021-02-25 21:39,2021-02-25 21:59,Thu,2021-02-25 22:06,13,11
2021-02-25 22:07,2021-02-25 22:09,Thu,2021-02-25 22:20,15,8
2021-02-25 22:21,2021-02-25 23:06,Thu,2021-02-26 00:12,18,19
2021-02-26 00:13,2021-02-26 00:16,Fri,2021-02-26 00:32,8,3
2021-02-26 00:33,2021-02-26 01:38,Fri,2021-02-26 01:47,13,69
2021-02-26 01:48,2021-02-26 02:23,Fri,2021-02-26 03:23,19,18
2021-02-26 03:24,2021-02-26 03:59,Fri,2021-02-26 04:57,13,11
2021-02-26 04:58,2021-02-26 05:58,Fri,2021-02-26 06:38,13,10
2021-02-26 06:39,2021-02-26 07:33,Fri,2021-02-26 07:41,16,28
2021-02-26 07:42,2021-02-26 07:46,Fri,2021-02-26 08:02,9,4
2021-02-26 08:03,2021-02-26 08:22,Fri,2021-02-26 08:50,13,10
2021-02-26 08:51,2021-02-26 09:27,Fri,2021-02-26 10:36,18,19
2021-02-26 10:37,2021-02-26 14:33,Fri,2021-02-26 15:11,16,36
2021-02-26 15:12,2021-02-26 15:33,Fri,2021-02-26 16:10,17,16
2021-02-26 16:11,2021-02-26 18:34,Fri,2021-02-26 18:55,13,51
2021-02-26 18:56,2021-02-26 19:00,Fri,2021-02-26 19:16,8,3
2021-02-26 19:17,2021-02-26 19:21,Fri,2021-02-26 19:33,9,3
2021-02-26 19:34,2021-02-26 19:39,Fri,2021-02-26 20:02,9,5
2021-02-26 20:03,2021-02-26 20:10,Fri,2021-02-26 20:13,13,9
2021-02-26 20:14,2021-02-26 20:29,Fri,2021-02-26 20:40,14,11
2021-02-26 20:41,2021-02-26 20:51,Fri,2021-02-26 21:04,15,9
2021-02-26 21:05,2021-02-26 21:08,Fri,2021-02-26 21:16,9,4
2021-02-26 21:17,2021-02-26 21:54,Fri,2021-02-26 21:57,18,18
2021-02-26 21:58,2021-02-26 22:10,Fri,2021-02-26 22:38,17,14
2021-02-26 22:39,2021-02-26 22:44,Fri,2021-02-26 22:47,9,3
2021-02-26 22:48,2021-02-26 22:59,Fri,2021-02-26 23:09,21,17
2021-02-26 23:10,2021-02-27 01:05,Sat,2021-02-27 01:23,14,45
2021-02-27 01:24,2021-02-27 02:11,Sat,2021-02-27 02:35,11,8
2021-02-27 02:36,2021-02-27 04:01,Sat,2021-03-01 06:05,16,28
2021-03-01 06:06,2021-03-01 07:39,Mon,2021-03-01 08:10,18,24
2021-03-01 08:11,2021-03-01 08:26,Mon,2021-03-01 09:18,14,9
2021-03-01 09:19,2021-03-01 09:27,Mon,2021-03-01 10:08,8,3
2021-03-01 10:09,2021-03-01 11:45,Mon,2021-03-01 13:41,13,12
2021-03-01 13:42,2021-03-01 13:50,Mon,2021-03-01 14:50,9,4
2021-03-01 14:51,2021-03-01 16:40,Mon,2021-03-01 17:32,14,55
2021-03-01 17:33,2021-03-01 17:44,Mon,2021-03-01 17:56,13,11
2021-03-01 17:57,2021-03-01 18:48,Mon,2021-03-01 21:11,17,16
2021-03-01 21:12,2021-03-01 22:12,Mon,2021-03-01 22:52,16,27
2021-03-01 22:53,2021-03-02 00:24,Tue,2021-03-02 00:57,18,16
2021-03-02 00:58,2021-03-02 01:13,Tue,2021-03-02 01:35,11,8
2021-03-02 01:36,2021-03-02 02:53,Tue,2021-03-02 07:56,13,9
2021-03-02 07:57,2021-03-02 15:24,Tue,2021-03-02 15:38,15,41
2021-03-02 15:39,2021-03-02 15:45,Tue,2021-03-02 15:57,8,5
2021-03-02 15:58,2021-03-02 16:03,Tue,2021-03-02 16:08,8,4
2021-03-02 16:09,2021-03-04 07:56,Thu,2021-03-04 08:24,14,68
2021-03-04 08:25,2021-03-04 08:59,Thu,2021-03-04 11:20,17,14
2021-03-04 11:21,2021-03-04 14:02,Thu,2021-03-04 15:07,18,17
2021-03-04 15:08,2021-03-04 15:20,Thu,2021-03-04 15:37,13,9
2021-03-04 15:38,2021-03-04 16:52,Thu,2021-03-04 17:50,17,16
2021-03-04 17:51,2021-03-04 17:59,Thu,2021-03-04 18:16,11,6
2021-03-04 18:17,2021-03-04 18:26,Thu,2021-03-04 18:43,8,5
2021-03-04 18:44,2021-03-04 18:54,Thu,2021-03-04 19:33,8,3
2021-03-04 19:34,2021-03-04 19:53,Thu,2021-03-04 21:07,12,6
2021-03-04 21:08,2021-03-04 21:44,Thu,2021-03-04 22:17,12,7
2021-03-04 22:18,2021-03-04 22:20,Thu,2021-03-04 22:42,9,3
2021-03-04 22:43,2021-03-04 22:53,Thu,2021-03-04 22:56,11,7
2021-03-04 22:57,2021-03-04 22:59,Thu,2021-03-04 23:29,8,4
2021-03-04 23:30,2021-03-05 01:11,Fri,2021-03-05 01:16,10,76
2021-03-05 01:17,2021-03-05 01:29,Fri,2021-03-05 01:49,13,12
2021-03-05 01:50,2021-03-05 01:57,Fri,2021-03-05 02:25,11,8
2021-03-05 02:26,2021-03-05 15:54,Fri,2021-03-05 15:57,13,63
2021-03-05 15:58,2021-03-05 16:05,Fri,2021-03-05 16:31,13,10
2021-03-05 16:32,2021-03-05 17:44,Fri,2021-03-05 18:20,18,18
2021-03-05 18:21,2021-03-05 19:23,Fri,2021-03-05 20:30,29,18
2021-03-05 20:31,2021-03-05 20:33,Fri,2021-03-05 20:38,9,3
2021-03-05 20:39,2021-03-05 21:20,Fri,2021-03-05 21:34,18,32
2021-03-05 21:35,2021-03-05 22:01,Fri,2021-03-05 22:36,18,18
2021-03-05 22:37,2021-03-05 22:49,Fri,2021-03-05 22:57,14,11
2021-03-05 22:58,2021-03-08 07:47,Mon,2021-03-08 09:29,18,26
2021-03-08 09:30,2021-03-08 14:52,Mon,2021-03-08 15:18,15,38
2021-03-08 15:19,2021-03-08 15:28,Mon,2021-03-08 15:39,8,3
2021-03-08 15:40,2021-03-08 20:05,Mon,2021-03-08 20:46,16,29
2021-03-08 20:47,2021-03-08 20:52,Mon,2021-03-08 21:09,11,8
2021-03-08 21:10,2021-03-08 21:28,Mon,2021-03-08 21:43,11,6
2021-03-08 21:44,2021-03-08 23:52,Mon,2021-03-09 01:07,15,38
2021-03-09 01:08,2021-03-09 01:19,Tue,2021-03-09 01:49,8,3
2021-03-09 01:50,2021-03-09 02:54,Tue,2021-03-09 03:55,11,6
2021-03-09 03:56,2021-03-09 04:36,Tue,2021-03-09 06:47,8,3
2021-03-09 06:50,2021-03-09 08:34,Tue,2021-03-09 09:29,17,16
2021-03-09 09:30,2021-03-09 09:41,Tue,2021-03-09 09:56,8,5
2021-03-09 09:57,2021-03-09 10:56,Tue,2021-03-09 13:00,13,12
2021-03-09 13:01,2021-03-09 14:03,Tue,2021-03-09 14:21,13,9
2021-03-09 14:22,2021-03-09 14:27,Tue,2021-03-09 14:31,9,3
2021-03-09 14:32,2021-03-09 14:35,Tue,2021-03-09 14:48,8,5
2021-03-09 14:49,2021-03-09 14:52,Tue,2021-03-09 15:01,11,7
2021-03-09 15:02,2021-03-09 15:12,Tue,2021-03-09 15:33,9,4
2021-03-09 15:34,2021-03-09 15:44,Tue,2021-03-09 15:49,10,5
2021-03-09 15:50,2021-03-09 18:26,Tue,2021-03-09 19:15,17,23
2021-03-09 19:16,2021-03-09 19:24,Tue,2021-03-09 19:32,8,5
2021-03-09 19:33,2021-03-09 20:25,Tue,2021-03-09 21:28,18,13
2021-03-09 21:29,2021-03-09 21:38,Tue,2021-03-09 21:42,8,5
2021-03-09 21:43,2021-03-09 21:47,Tue,2021-03-09 22:00,9,4
2021-03-09 22:01,2021-03-09 22:57,Tue,2021-03-10 02:37,17,25
2021-03-10 02:38,2021-03-10 02:55,Wed,2021-03-10 05:16,11,6
2021-03-10 05:17,2021-03-10 05:20,Wed,2021-03-10 05:52,8,3
2021-03-10 05:53,2021-03-10 13:08,Wed,2021-03-10 14:48,16,31
2021-03-10 14:49,2021-03-10 15:21,Wed,2021-03-10 15:39,17,14
2021-03-10 15:40,2021-03-10 17:01,Wed,2021-03-10 18:39,18,17
2021-03-10 18:40,2021-03-10 19:34,Wed,2021-03-10 19:57,14,11
2021-03-10 19:58,2021-03-10 21:29,Wed,2021-03-10 22:00,14,41
2021-03-10 22:01,2021-03-10 22:05,Wed,2021-03-10 22:11,8,4
2021-03-10 22:12,2021-03-10 22:53,Wed,2021-03-11 00:31,18,19
2021-03-11 00:32,2021-03-11 01:01,Thu,2021-03-11 01:05,14,10
2021-03-11 01:06,2021-03-11 01:09,Thu,2021-03-11 01:15,11,6
2021-03-11 01:16,2021-03-11 01:48,Thu,2021-03-11 02:26,13,9
2021-03-11 02:27,2021-03-11 02:38,Thu,2021-03-11 03:46,8,3
2021-03-11 03:47,2021-03-11 04:23,Thu,2021-03-11 07:37,11,6
2021-03-11 07:38,2021-03-11 07:54,Thu,2021-03-11 09:00,9,3
2021-03-11 09:01,2021-03-11 09:21,Thu,2021-03-11 13:05,13,10
2021-03-11 13:06,2021-03-11 15:48,Thu,2021-03-11 19:45,15,48
2021-03-11 19:46,2021-03-11 20:17,Thu,2021-03-11 20:23,18,26
2021-03-11 20:24,2021-03-11 20:26,Thu,2021-03-11 20:34,8,3
2021-03-11 20:35,2021-03-11 20:39,Thu,2021-03-11 20:44,9,5
2021-03-11 20:45,2021-03-11 21:05,Thu,2021-03-11 21:37,18,14
2021-03-11 21:38,2021-03-11 22:23,Thu,2021-03-11 22:41,18,15
2021-03-11 22:42,2021-03-12 03:43,Fri,2021-03-12 05:11,13,45
2021-03-12 05:14,2021-03-12 08:17,Fri,2021-03-12 09:16,11,8
2021-03-12 09:17,2021-03-12 17:05,Fri,2021-03-12 18:39,13,67
2021-03-12 18:40,2021-03-12 18:45,Fri,2021-03-12 19:14,11,7
2021-03-12 19:15,2021-03-12 20:37,Fri,2021-03-12 20:50,17,13
2021-03-12 20:51,2021-03-12 21:37,Fri,2021-03-12 22:03,13,10
2021-03-12 22:04,2021-03-12 22:28,Fri,2021-03-12 22:44,18,24
2021-03-12 22:45,2021-03-13 03:58,Sat,2021-03-15 04:08,16,32
2021-03-15 04:09,2021-03-15 04:12,Mon,2021-03-15 04:39,8,4
2021-03-15 04:40,2021-03-15 05:19,Mon,2021-03-15 05:31,8,5
2021-03-15 05:32,2021-03-15 08:30,Mon,2021-03-15 09:28,17,24
2021-03-15 09:29,2021-03-15 10:53,Mon,2021-03-15 12:03,13,10
2021-03-15 12:04,2021-03-15 14:50,Mon,2021-03-15 15:43,17,23
2021-03-15 15:44,2021-03-15 15:54,Mon,2021-03-15 16:08,8,5
2021-03-15 16:09,2021-03-15 16:16,Mon,2021-03-15 16:29,8,5
2021-03-15 16:30,2021-03-15 22:35,Mon,2021-03-15 23:14,17,23
2021-03-15 23:15,2021-03-15 23:25,Mon,2021-03-15 23:56,11,7
2021-03-15 23:57,2021-03-16 00:14,Tue,2021-03-16 00:25,8,4
2021-03-16 00:26,2021-03-16 00:38,Tue,2021-03-16 01:12,8,4
2021-03-16 01:13,2021-03-16 02:27,Tue,2021-03-16 10:26,13,11
2021-03-16 10:27,2021-03-16 11:34,Tue,2021-03-16 13:06,8,5
2021-03-16 13:07,2021-03-16 13:29,Tue,2021-03-16 14:03,11,6
2021-03-16 14:04,2021-03-16 15:00,Tue,2021-03-16 15:18,13,11
2021-03-16 15:19,2021-03-16 15:37,Tue,2021-03-16 16:25,8,4
2021-03-16 16:26,2021-03-16 16:31,Tue,2021-03-16 16:46,8,3
2021-03-16 16:47,2021-03-16 18:46,Tue,2021-03-16 19:35,19,25
2021-03-16 19:36,2021-03-16 19:45,Tue,2021-03-16 19:56,11,6
2021-03-16 19:57,2021-03-16 20:05,Tue,2021-03-16 20:23,11,5
2021-03-16 20:24,2021-03-16 20:26,Tue,2021-03-16 20:47,11,5
2021-03-16 20:48,2021-03-16 20:52,Tue,2021-03-16 21:25,14,11
2021-03-16 21:26,2021-03-16 22:45,Tue,2021-03-17 00:04,21,27
2021-03-17 00:05,2021-03-17 00:16,Wed,2021-03-17 00:34,8,5
2021-03-17 00:35,2021-03-17 15:06,Wed,2021-03-17 16:11,18,22
2021-03-17 16:12,2021-03-17 16:23,Wed,2021-03-17 18:13,13,11
2021-03-17 18:14,2021-03-17 19:02,Wed,2021-03-17 19:43,13,11
2021-03-17 19:44,2021-03-17 20:59,Wed,2021-03-17 21:25,13,11
2021-03-17 21:26,2021-03-17 23:34,Wed,2021-03-18 00:59,17,16
2021-03-18 01:00,2021-03-18 01:01,Thu,2021-03-18 01:03,30,15
2021-03-18 01:04,2021-03-18 01:45,Thu,2021-03-18 01:49,14,52
2021-03-18 01:50,2021-03-18 02:00,Thu,2021-03-18 02:09,8,5
2021-03-18 02:10,2021-03-18 02:21,Thu,2021-03-18 02:29,11,8
2021-03-18 02:30,2021-03-18 02:32,Thu,2021-03-18 02:36,8,5
2021-03-18 02:37,2021-03-18 07:19,Thu,2021-03-18 08:33,17,16
2021-03-18 08:34,2021-03-18 11:16,Thu,2021-03-18 13:36,18,17
2021-03-18 13:37,2021-03-18 14:10,Thu,2021-03-18 14:24,18,15
2021-03-18 14:25,2021-03-18 17:25,Thu,2021-03-18 18:22,15,34
2021-03-18 18:23,2021-03-18 21:00,Thu,2021-03-18 21:06,14,39
2021-03-18 21:07,2021-03-18 21:30,Thu,2021-03-18 23:02,18,14
2021-03-18 23:03,2021-03-18 23:08,Thu,2021-03-18 23:14,8,3
2021-03-18 23:15,2021-03-18 23:21,Thu,2021-03-18 23:33,8,4
2021-03-18 23:34,2021-03-19 09:21,Fri,2021-03-19 11:27,16,29
2021-03-19 11:28,2021-03-19 11:47,Fri,2021-03-19 12:31,8,3
2021-03-19 12:32,2021-03-19 14:56,Fri,2021-03-19 16:11,18,23
2021-03-19 16:12,2021-03-19 17:02,Fri,2021-03-19 18:42,17,29
2021-03-19 18:43,2021-03-19 20:40,Fri,2021-03-19 22:16,15,33
2021-03-19 22:17,2021-03-19 22:27,Fri,2021-03-19 22:40,8,5
2021-03-19 22:41,2021-03-20 01:00,Sat,2021-03-22 04:05,37,19
2021-03-22 04:06,2021-03-22 04:31,Mon,2021-03-22 05:02,11,7
2021-03-22 05:03,2021-03-22 05:19,Mon,2021-03-22 06:05,11,7
2021-03-22 06:06,2021-03-22 07:08,Mon,2021-03-22 08:13,13,10
2021-03-22 08:14,2021-03-22 08:25,Mon,2021-03-22 08:35,8,5
2021-03-22 08:36,2021-03-22 12:51,Mon,2021-03-22 14:03,18,18
2021-03-22 14:04,2021-03-22 18:56,Mon,2021-03-22 20:40,14,54
2021-03-22 20:41,2021-03-22 20:43,Mon,2021-03-22 20:53,12,6
2021-03-22 20:54,2021-03-22 21:16,Mon,2021-03-22 21:46,11,8
2021-03-22 21:47,2021-03-22 21:58,Mon,2021-03-22 22:32,14,7
2021-03-22 22:33,2021-03-22 23:04,Mon,2021-03-23 00:15,14,9
2021-03-23 00:16,2021-03-23 00:35,Tue,2021-03-23 03:00,11,6
2021-03-23 03:01,2021-03-23 03:20,Tue,2021-03-23 04:02,8,3
2021-03-23 04:03,2021-03-23 06:50,Tue,2021-03-23 07:16,11,7
2021-03-23 07:17,2021-03-23 15:33,Tue,2021-03-23 16:01,14,53
2021-03-23 16:02,2021-03-24 06:55,Wed,2021-03-24 08:40,13,63
2021-03-24 08:41,2021-03-24 08:51,Wed,2021-03-24 09:30,8,3
2021-03-24 09:31,2021-03-24 09:41,Wed,2021-03-24 13:15,11,6
2021-03-24 13:16,2021-03-24 13:33,Wed,2021-03-24 14:20,14,12
2021-03-24 14:21,2021-03-24 15:21,Wed,2021-03-24 15:32,18,21
2021-03-24 15:33,2021-03-24 15:45,Wed,2021-03-24 16:19,19,15
2021-03-24 16:20,2021-03-24 16:29,Wed,2021-03-24 16:48,12,8
2021-03-24 16:49,2021-03-24 17:53,Wed,2021-03-24 19:20,17,15
2021-03-24 19:21,2021-03-24 20:39,Wed,2021-03-24 22:42,18,21
2021-03-24 22:43,2021-03-24 22:45,Wed,2021-03-24 23:51,9,5
2021-03-24 23:52,2021-03-25 00:00,Thu,2021-03-25 01:07,8,4
2021-03-25 01:08,2021-03-25 08:35,Thu,2021-03-25 09:21,17,25
2021-03-25 09:22,2021-03-25 10:29,Thu,2021-03-25 13:00,11,7
2021-03-25 13:01,2021-03-25 13:17,Thu,2021-03-25 14:18,12,6
2021-03-25 14:19,2021-03-25 14:39,Thu,2021-03-25 14:51,8,5
2021-03-25 14:52,2021-03-25 15:01,Thu,2021-03-25 15:33,13,10
2021-03-25 15:34,2021-03-25 17:20,Thu,2021-03-25 19:37,17,16
2021-03-25 19:38,2021-03-25 19:44,Thu,2021-03-25 20:03,14,11
2021-03-25 20:04,2021-03-25 20:09,Thu,2021-03-25 20:24,11,6
2021-03-25 20:25,2021-03-25 20:40,Thu,2021-03-25 20:50,12,7
2021-03-25 20:51,2021-03-25 21:01,Thu,2021-03-25 21:15,14,9
2021-03-25 21:16,2021-03-25 21:21,Thu,2021-03-25 21:49,12,6
2021-03-25 21:50,2021-03-25 21:58,Thu,2021-03-25 22:07,8,5
2021-03-25 22:08,2021-03-25 22:15,Thu,2021-03-25 22:41,8,4
2021-03-25 22:42,2021-03-26 00:02,Fri,2021-03-26 01:27,17,23
2021-03-26 01:28,2021-03-26 01:36,Fri,2021-03-26 02:05,8,3
2021-03-26 02:06,2021-03-26 02:12,Fri,2021-03-26 02:27,9,3
2021-03-26 02:28,2021-03-26 02:49,Fri,2021-03-26 04:06,14,9
2021-03-26 04:07,2021-03-26 16:42,Fri,2021-03-26 17:48,15,38
2021-03-26 17:49,2021-03-26 18:30,Fri,2021-03-26 20:04,13,10
2021-03-26 20:05,2021-03-26 21:23,Fri,2021-03-26 21:59,14,10
2021-03-26 22:00,2021-03-26 22:48,Fri,2021-03-27 01:08,18,18
2021-03-27 01:09,2021-03-27 01:15,Sat,2021-03-27 02:11,8,3
2021-03-27 02:12,2021-03-27 03:08,Sat,2021-03-29 04:24,11,7
2021-03-29 04:26,2021-03-29 05:00,Mon,2021-03-29 07:41,8,4
2021-03-29 07:42,2021-03-29 08:19,Mon,2021-03-29 08:48,11,8
2021-03-29 08:49,2021-03-29 09:32,Mon,2021-03-29 11:51,11,6
2021-03-29 11:53,2021-03-29 12:52,Mon,2021-03-29 14:02,13,7
2021-03-29 14:03,2021-03-29 14:18,Mon,2021-03-29 14:50,11,7
2021-03-29 14:51,2021-03-29 14:56,Mon,2021-03-29 15:00,11,3
2021-03-29 15:01,2021-03-29 15:02,Mon,2021-03-29 15:14,8,3
2021-03-29 15:15,2021-03-29 15:47,Mon,2021-03-29 16:51,17,16
2021-03-29 16:52,2021-03-29 18:08,Mon,2021-03-29 18:54,17,15
2021-03-29 18:55,2021-03-29 19:07,Mon,2021-03-29 19:25,10,3
2021-03-29 19:26,2021-03-29 19:49,Mon,2021-03-29 20:30,13,8
2021-03-29 20:31,2021-03-29 22:01,Mon,2021-03-29 22:38,16,28
2021-03-29 22:39,2021-03-29 22:54,Mon,2021-03-30 00:12,11,7
2021-03-30 00:13,2021-03-30 00:34,Tue,2021-03-30 01:01,8,5
2021-03-30 01:02,2021-03-30 01:12,Tue,2021-03-30 01:39,8,3
2021-03-30 01:40,2021-03-30 01:59,Tue,2021-03-30 02:17,8,3
2021-03-30 02:18,2021-03-30 08:57,Tue,2021-03-30 13:28,19,12
2021-03-30 13:29,2021-03-30 20:50,Tue,2021-03-30 21:13,14,44
2021-03-30 21:14,2021-03-30 22:17,Tue,2021-03-30 23:30,13,9
2021-03-30 23:31,2021-03-31 07:28,Wed,2021-03-31 08:35,13,12
2021-03-31 08:36,2021-03-31 11:17,Wed,2021-03-31 13:33,14,11
2021-03-31 13:34,2021-03-31 15:54,Wed,2021-03-31 16:58,17,29
2021-03-31 16:59,2021-03-31 17:08,Wed,2021-03-31 17:54,11,7
2021-03-31 17:55,2021-03-31 18:01,Wed,2021-03-31 18:19,8,5
2021-03-31 18:20,2021-03-31 19:09,Wed,2021-03-31 20:57,17,16
2021-03-31 20:58,2021-03-31 20:59,Wed,2021-03-31 21:09,8,3
2021-03-31 21:10,2021-03-31 21:22,Wed,2021-03-31 21:53,11,6
2021-03-31 21:54,2021-03-31 21:57,Wed,2021-03-31 22:07,18,15
2021-03-31 22:08,2021-03-31 22:13,Wed,2021-03-31 22:26,11,6
2021-03-31 22:27,2021-03-31 22:37,Wed,2021-03-31 22:52,11,7
2021-03-31 22:53,2021-04-01 00:10,Thu,2021-04-01 01:04,17,13
2021-04-01 01:05,2021-04-01 12:02,Thu,2021-04-01 13:59,18,23
2021-04-01 14:00,2021-04-01 14:06,Thu,2021-04-01 14:24,13,8
2021-04-01 14:25,2021-04-01 14:28,Thu,2021-04-01 14:44,8,4
2021-04-01 14:45,2021-04-01 14:51,Thu,2021-04-01 14:57,10,5
2021-04-01 14:58,2021-04-01 15:05,Thu,2021-04-01 15:16,8,5
2021-04-01 15:17,2021-04-01 16:02,Thu,2021-04-01 16:37,18,18
2021-04-01 16:38,2021-04-01 16:48,Thu,2021-04-01 17:28,12,6
2021-04-01 17:29,2021-04-01 17:36,Thu,2021-04-01 17:53,8,4
2021-04-01 17:54,2021-04-01 18:02,Thu,2021-04-01 19:04,11,7
2021-04-01 19:05,2021-04-01 19:48,Thu,2021-04-01 20:08,13,11
2021-04-01 20:09,2021-04-01 20:41,Thu,2021-04-01 21:02,12,8
2021-04-01 21:03,2021-04-01 21:11,Thu,2021-04-01 21:47,13,11
2021-04-01 21:48,2021-04-02 15:47,Fri,2021-04-02 19:16,17,32
2021-04-02 19:17,2021-04-02 19:27,Fri,2021-04-02 19:36,13,5
2021-04-02 19:37,2021-04-02 20:08,Fri,2021-04-02 20:44,18,31
2021-04-02 20:45,2021-04-02 20:56,Fri,2021-04-02 21:09,8,4
2021-04-02 21:10,2021-04-02 21:28,Fri,2021-04-03 01:23,8,5
2021-04-03 01:24,2021-04-03 02:15,Sat,2021-04-03 03:58,8,3
2021-04-05 04:06,2021-04-05 04:12,Mon,2021-04-05 05:01,9,4
2021-04-05 05:02,2021-04-05 06:05,Mon,2021-04-05 08:46,11,7
2021-04-05 08:47,2021-04-05 14:50,Mon,2021-04-05 15:34,16,30
2021-04-05 15:35,2021-04-05 17:04,Mon,2021-04-05 18:23,18,17
2021-04-05 18:24,2021-04-05 21:31,Mon,2021-04-05 21:57,15,58
2021-04-05 21:58,2021-04-05 22:01,Mon,2021-04-05 22:10,8,3
2021-04-05 22:11,2021-04-06 07:08,Tue,2021-04-06 10:28,19,19
2021-04-06 10:29,2021-04-06 13:15,Tue,2021-04-06 14:05,18,16
2021-04-06 14:06,2021-04-06 14:15,Tue,2021-04-06 14:27,13,7
2021-04-06 14:28,2021-04-06 14:31,Tue,2021-04-06 14:46,11,6
2021-04-06 14:47,2021-04-06 14:50,Tue,2021-04-06 15:16,9,5
2021-04-06 15:17,2021-04-06 15:43,Tue,2021-04-06 15:52,18,14
2021-04-06 15:53,2021-04-06 16:03,Tue,2021-04-06 16:13,9,4
2021-04-06 16:14,2021-04-06 17:34,Tue,2021-04-06 19:36,17,16
2021-04-06 19:37,2021-04-06 19:42,Tue,2021-04-06 20:31,8,3
2021-04-06 20:32,2021-04-06 20:47,Tue,2021-04-06 21:09,8,4
2021-04-06 21:10,2021-04-06 22:03,Tue,2021-04-06 22:44,13,9
2021-04-06 22:45,2021-04-06 23:05,Tue,2021-04-07 00:08,11,6
2021-04-07 00:09,2021-04-07 00:19,Wed,2021-04-07 00:32,8,3
2021-04-07 00:33,2021-04-07 13:35,Wed,2021-04-07 14:38,16,28
2021-04-07 14:39,2021-04-07 15:19,Wed,2021-04-07 15:51,18,14
2021-04-07 15:52,2021-04-07 16:10,Wed,2021-04-07 16:19,8,5
2021-04-07 16:20,2021-04-07 16:44,Wed,2021-04-07 17:10,9,5
2021-04-07 17:11,2021-04-07 17:50,Wed,2021-04-07 19:01,13,11
2021-04-07 19:02,2021-04-07 19:22,Wed,2021-04-07 20:26,14,8
2021-04-07 20:27,2021-04-07 20:39,Wed,2021-04-07 21:11,18,12
2021-04-07 21:12,2021-04-07 21:15,Wed,2021-04-07 21:21,8,5
2021-04-07 21:22,2021-04-07 21:44,Wed,2021-04-07 21:57,18,13
2021-04-07 21:58,2021-04-07 22:13,Wed,2021-04-07 22:32,13,10
2021-04-07 22:33,2021-04-08 02:24,Thu,2021-04-08 12:31,16,31
2021-04-08 12:32,2021-04-08 12:40,Thu,2021-04-08 13:00,9,4
2021-04-08 13:01,2021-04-08 13:36,Thu,2021-04-08 13:55,8,4
2021-04-08 13:56,2021-04-08 14:13,Thu,2021-04-08 15:43,17,14
2021-04-08 15:44,2021-04-08 15:59,Thu,2021-04-08 16:08,8,5
2021-04-08 16:09,2021-04-08 17:45,Thu,2021-04-08 18:29,14,12
2021-04-08 18:30,2021-04-08 19:12,Thu,2021-04-08 19:39,13,12
2021-04-08 19:40,2021-04-08 19:48,Thu,2021-04-08 19:56,12,6
2021-04-08 19:57,2021-04-08 20:35,Thu,2021-04-08 20:52,17,9
2021-04-08 20:53,2021-04-08 20:55,Thu,2021-04-08 20:59,12,6
2021-04-08 21:00,2021-04-08 21:36,Thu,2021-04-08 21:57,14,10
2021-04-08 21:58,2021-04-08 23:39,Thu,2021-04-09 05:29,16,29
2021-04-09 05:30,2021-04-09 07:54,Fri,2021-04-09 08:46,13,9
2021-04-09 08:47,2021-04-09 17:58,Fri,2021-04-09 18:54,16,27
2021-04-09 18:55,2021-04-09 19:43,Fri,2021-04-09 20:32,16,32
2021-04-09 20:33,2021-04-09 20:41,Fri,2021-04-09 20:56,11,8
2021-04-09 20:57,2021-04-09 21:01,Fri,2021-04-09 21:35,11,6
2021-04-09 21:36,2021-04-09 21:51,Fri,2021-04-09 21:56,9,5
2021-04-09 21:57,2021-04-09 22:19,Fri,2021-04-09 22:46,11,7
2021-04-09 22:47,2021-04-10 00:46,Sat,2021-04-12 04:13,18,18
2021-04-12 04:14,2021-04-12 04:56,Mon,2021-04-12 06:23,13,10
2021-04-12 06:24,2021-04-12 06:54,Mon,2021-04-12 07:00,8,3
2021-04-12 07:01,2021-04-12 07:45,Mon,2021-04-12 08:33,14,9
2021-04-12 08:34,2021-04-12 08:46,Mon,2021-04-12 12:10,8,5
2021-04-12 12:11,2021-04-12 13:17,Mon,2021-04-12 14:22,11,8
2021-04-12 14:23,2021-04-12 15:08,Mon,2021-04-12 15:47,13,9
2021-04-12 15:48,2021-04-12 23:40,Mon,2021-04-13 01:28,15,35
2021-04-13 01:29,2021-04-13 02:16,Tue,2021-04-13 03:00,11,7
2021-04-13 03:01,2021-04-13 06:39,Tue,2021-04-13 07:08,12,7
2021-04-13 07:09,2021-04-13 07:13,Tue,2021-04-13 08:06,8,3
2021-04-13 08:07,2021-04-13 08:15,Tue,2021-04-13 09:38,8,5
2021-04-13 09:39,2021-04-13 09:56,Tue,2021-04-13 10:45,9,3
2021-04-13 10:46,2021-04-13 11:56,Tue,2021-04-13 13:12,11,6
2021-04-13 13:13,2021-04-13 13:23,Tue,2021-04-13 13:49,8,3
2021-04-13 13:50,2021-04-13 13:57,Tue,2021-04-13 14:23,13,11
2021-04-13 14:24,2021-04-13 14:38,Tue,2021-04-13 17:16,17,14
2021-04-13 17:17,2021-04-13 17:25,Tue,2021-04-13 18:18,8,3
2021-04-13 18:19,2021-04-13 20:46,Tue,2021-04-13 21:57,15,55
2021-04-13 21:58,2021-04-14 14:17,Wed,2021-04-14 14:38,14,48
2021-04-14 14:39,2021-04-14 15:00,Wed,2021-04-14 15:11,8,5
2021-04-14 15:12,2021-04-14 15:38,Wed,2021-04-14 16:29,13,9
2021-04-14 16:30,2021-04-14 18:00,Wed,2021-04-14 19:12,13,11
2021-04-14 19:13,2021-04-14 19:19,Wed,2021-04-14 20:37,11,6
2021-04-14 20:38,2021-04-14 21:22,Wed,2021-04-14 21:46,17,16
2021-04-14 21:47,2021-04-14 21:52,Wed,2021-04-14 22:41,11,7
2021-04-14 22:42,2021-04-14 23:49,Wed,2021-04-15 02:02,17,14
2021-04-15 02:03,2021-04-15 08:03,Thu,2021-04-15 11:46,18,19
2021-04-15 11:47,2021-04-15 16:22,Thu,2021-04-15 17:03,18,23
2021-04-15 17:04,2021-04-15 17:58,Thu,2021-04-15 19:33,18,15
2021-04-15 19:34,2021-04-15 20:02,Thu,2021-04-15 20:50,18,20
2021-04-15 20:51,2021-04-15 20:55,Thu,2021-04-15 21:04,9,5
2021-04-15 21:05,2021-04-15 21:14,Thu,2021-04-15 21:51,12,7
2021-04-15 21:52,2021-04-15 21:57,Thu,2021-04-15 22:02,8,5
2021-04-15 22:03,2021-04-16 00:18,Fri,2021-04-16 01:28,19,17
2021-04-16 01:29,2021-04-16 01:38,Fri,2021-04-16 02:21,8,3
2021-04-16 02:22,2021-04-16 03:01,Fri,2021-04-16 03:59,11,6
2021-04-16 04:00,2021-04-16 07:09,Fri,2021-04-16 07:39,13,10
2021-04-16 07:40,2021-04-16 09:11,Fri,2021-04-16 11:46,13,11
2021-04-16 11:47,2021-04-16 12:53,Fri,2021-04-16 13:30,13,10
2021-04-16 13:31,2021-04-16 13:58,Fri,2021-04-16 14:04,11,8
2021-04-16 14:05,2021-04-16 14:18,Fri,2021-04-16 14:48,12,8
2021-04-16 14:49,2021-04-16 14:59,Fri,2021-04-16 16:46,17,13
2021-04-16 16:47,2021-04-16 17:54,Fri,2021-04-16 22:46,18,22
2021-04-16 22:47,2021-04-17 00:20,Sat,2021-04-19 04:05,13,7
2021-04-19 04:06,2021-04-19 04:29,Mon,2021-04-19 07:14,8,3
2021-04-19 07:15,2021-04-19 07:50,Mon,2021-04-19 07:54,11,7
2021-04-19 07:55,2021-04-19 08:49,Mon,2021-04-19 12:34,18,20
2021-04-19 12:35,None,Mon,2021-04-19 12:48,0,78
2021-04-19 12:49,2021-04-19 13:01,Mon,2021-04-19 13:32,8,4
2021-04-19 13:33,2021-04-19 18:02,Mon,2021-04-19 18:29,10,77
2021-04-19 18:30,2021-04-19 19:58,Mon,2021-04-19 20:18,13,9
2021-04-19 20:19,2021-04-19 20:31,Mon,2021-04-19 20:47,8,5
2021-04-19 20:48,2021-04-19 21:00,Mon,2021-04-19 21:07,8,5
2021-04-19 21:08,2021-04-19 21:36,Mon,2021-04-19 21:56,18,19
2021-04-19 21:57,2021-04-20 10:17,Tue,2021-04-20 13:03,14,56
2021-04-20 13:04,2021-04-20 13:26,Tue,2021-04-20 13:46,15,10
2021-04-20 13:47,2021-04-20 14:09,Tue,2021-04-20 14:42,12,8
2021-04-20 14:43,2021-04-20 14:46,Tue,2021-04-20 14:56,8,3
2021-04-20 14:57,2021-04-20 15:40,Tue,2021-04-20 16:28,13,9
2021-04-20 16:29,2021-04-20 19:43,Tue,2021-04-20 20:22,16,33
2021-04-20 20:23,2021-04-20 20:32,Tue,2021-04-20 20:42,8,3
2021-04-20 20:43,2021-04-20 20:56,Tue,2021-04-20 21:29,13,9
2021-04-20 21:30,2021-04-20 21:38,Tue,2021-04-20 21:45,11,5
2021-04-20 21:46,2021-04-20 21:57,Tue,2021-04-20 22:21,9,5
2021-04-20 22:22,2021-04-20 22:32,Tue,2021-04-20 22:59,11,7
2021-04-20 23:00,2021-04-21 00:31,Wed,2021-04-21 07:32,18,21
2021-04-21 07:33,2021-04-21 17:29,Wed,2021-04-21 19:58,15,43
2021-04-21 19:59,2021-04-21 20:12,Wed,2021-04-21 21:26,18,13
2021-04-21 21:27,2021-04-21 21:32,Wed,2021-04-21 21:48,12,5
2021-04-21 21:49,2021-04-22 14:47,Thu,2021-04-22 15:43,17,24
2021-04-22 15:44,2021-04-22 16:03,Thu,2021-04-22 16:35,13,12
2021-04-22 16:36,2021-04-22 20:00,Thu,2021-04-22 20:12,16,33
2021-04-22 20:13,2021-04-22 20:17,Thu,2021-04-22 20:19,15,3
2021-04-22 20:20,2021-04-22 20:23,Thu,2021-04-22 20:28,9,5
2021-04-22 20:29,2021-04-22 20:42,Thu,2021-04-22 21:12,11,8
2021-04-22 21:13,2021-04-22 21:18,Thu,2021-04-22 21:54,17,15
2021-04-22 21:55,2021-04-22 21:57,Thu,2021-04-22 22:23,8,5
2021-04-22 22:24,2021-04-22 22:48,Thu,2021-04-23 00:07,15,10
2021-04-23 00:08,2021-04-23 00:28,Fri,2021-04-23 01:09,14,9
2021-04-23 01:10,2021-04-23 01:16,Fri,2021-04-23 01:45,11,6
2021-04-23 01:46,2021-04-23 19:55,Fri,2021-04-23 20:11,8,73
2021-04-23 20:12,2021-04-23 20:21,Fri,2021-04-23 20:55,11,8
2021-04-23 20:56,2021-04-23 21:33,Fri,2021-04-23 21:49,13,12
2021-04-23 21:50,2021-04-23 21:52,Fri,2021-04-23 22:08,8,5
2021-04-23 22:09,2021-04-26 10:17,Mon,2021-04-26 13:33,13,62
2021-04-26 13:34,2021-04-26 14:43,Mon,2021-04-26 16:16,17,15
2021-04-26 16:17,2021-04-26 20:55,Mon,2021-04-26 21:34,13,45
2021-04-26 21:35,2021-04-26 21:54,Mon,2021-04-26 22:08,13,12
2021-04-26 22:09,2021-04-27 01:58,Tue,2021-04-27 07:36,18,20
2021-04-27 07:37,2021-04-27 08:01,Tue,2021-04-27 08:15,9,4
2021-04-27 08:16,2021-04-27 09:57,Tue,2021-04-27 13:05,13,9
2021-04-27 13:06,2021-04-27 16:14,Tue,2021-04-27 17:36,18,22
2021-04-27 17:37,2021-04-27 21:15,Tue,2021-04-27 23:16,18,17
2021-04-27 23:17,2021-04-27 23:25,Tue,2021-04-28 00:04,8,3
2021-04-28 00:05,2021-04-28 03:56,Wed,2021-04-28 08:41,17,16
2021-04-28 08:42,2021-04-28 09:21,Wed,2021-04-28 12:43,13,9
2021-04-28 12:44,2021-04-28 13:03,Wed,2021-04-28 13:15,8,3
2021-04-28 13:16,2021-04-28 14:02,Wed,2021-04-28 14:58,19,20
2021-04-28 14:59,2021-04-28 15:07,Wed,2021-04-28 16:18,11,6
2021-04-28 16:19,2021-04-28 16:26,Wed,2021-04-28 19:29,11,6
2021-04-28 19:30,2021-04-28 20:14,Wed,2021-04-28 20:37,14,10
2021-04-28 20:38,2021-04-28 22:56,Wed,2021-04-29 00:12,15,40
2021-04-29 00:13,2021-04-29 01:00,Thu,2021-04-29 01:02,19,13
2021-04-29 01:03,2021-04-29 01:09,Thu,2021-04-29 01:11,8,4
2021-04-29 01:12,2021-04-29 01:45,Thu,2021-04-29 01:55,16,47
2021-04-29 01:56,2021-04-29 01:58,Thu,2021-04-29 02:02,8,3
2021-04-29 02:03,2021-04-29 02:06,Thu,2021-04-29 02:35,11,6
2021-04-29 02:36,2021-04-29 04:27,Thu,2021-04-29 05:49,13,10
2021-04-29 05:50,2021-04-29 08:44,Thu,2021-04-29 10:35,18,19
2021-04-29 10:36,2021-04-29 10:45,Thu,2021-04-29 11:46,8,5
2021-04-29 11:47,2021-04-29 12:10,Thu,2021-04-29 13:07,9,5
2021-04-29 13:08,2021-04-29 13:13,Thu,2021-04-29 13:36,8,4
2021-04-29 13:37,2021-04-29 15:31,Thu,2021-04-29 16:53,13,12
2021-04-29 16:54,2021-04-29 17:38,Thu,2021-04-29 18:07,11,8
2021-04-29 18:08,2021-04-29 18:51,Thu,2021-04-29 19:28,12,8
2021-04-29 19:29,2021-04-29 19:37,Thu,2021-04-29 20:00,14,10
2021-04-29 20:01,2021-04-29 20:10,Thu,2021-04-29 20:36,11,8
2021-04-29 20:37,2021-04-29 20:51,Thu,2021-04-30 00:16,18,21
2021-04-30 00:17,2021-04-30 01:09,Fri,2021-04-30 01:54,11,8
2021-04-30 01:55,2021-04-30 02:48,Fri,2021-04-30 03:59,11,7
2021-04-30 04:00,2021-04-30 07:02,Fri,2021-04-30 13:14,13,10
2021-04-30 13:15,2021-04-30 21:14,Fri,2021-04-30 21:30,14,55
2021-04-30 21:31,2021-04-30 21:33,Fri,2021-04-30 21:45,9,4
2021-04-30 21:46,2021-05-01 02:46,Sat,2021-05-03 06:51,13,61
2021-05-03 06:52,2021-05-03 07:02,Mon,2021-05-03 07:59,13,9
2021-05-03 08:00,2021-05-03 13:08,Mon,2021-05-03 13:57,20,21
2021-05-03 13:58,2021-05-03 14:00,Mon,2021-05-03 15:10,8,3
2021-05-03 15:11,2021-05-03 21:50,Mon,2021-05-03 22:44,14,43
2021-05-03 22:45,2021-05-04 00:00,Tue,2021-05-04 00:45,14,10
2021-05-04 00:46,2021-05-04 01:47,Tue,2021-05-04 07:09,12,7
2021-05-04 07:10,2021-05-04 07:51,Tue,2021-05-04 08:26,9,5
2021-05-04 08:27,2021-05-04 08:37,Tue,2021-05-04 09:38,8,4
2021-05-04 09:39,2021-05-04 16:03,Tue,2021-05-04 17:30,13,45
2021-05-04 17:31,2021-05-04 18:00,Tue,2021-05-04 18:40,8,5
2021-05-04 18:41,2021-05-04 18:50,Tue,2021-05-04 19:04,12,8
2021-05-04 19:05,2021-05-04 19:09,Tue,2021-05-04 19:39,8,5
2021-05-04 19:40,2021-05-04 19:55,Tue,2021-05-04 20:23,11,7
2021-05-04 20:24,2021-05-04 21:02,Tue,2021-05-04 21:56,13,12
2021-05-04 21:57,2021-05-04 22:09,Tue,2021-05-04 22:11,21,6
2021-05-04 22:12,2021-05-05 10:24,Wed,2021-05-05 13:08,18,22
2021-05-05 13:09,2021-05-05 14:25,Wed,2021-05-05 16:47,18,24
2021-05-05 16:48,2021-05-05 17:51,Wed,2021-05-05 19:22,18,17
2021-05-05 19:23,2021-05-05 19:31,Wed,2021-05-05 20:10,13,11
2021-05-05 20:11,2021-05-05 20:34,Wed,2021-05-05 20:53,12,6
2021-05-05 20:54,2021-05-05 21:08,Wed,2021-05-05 21:35,11,6
2021-05-05 21:36,2021-05-05 21:50,Wed,2021-05-05 22:18,8,5
2021-05-05 22:19,2021-05-05 22:33,Wed,2021-05-05 23:08,8,5
2021-05-05 23:09,2021-05-06 00:04,Thu,2021-05-06 01:56,11,7
2021-05-06 01:57,2021-05-06 02:02,Thu,2021-05-06 03:07,8,4
2021-05-06 03:08,2021-05-06 04:19,Thu,2021-05-06 06:27,8,5
2021-05-06 06:28,2021-05-06 07:01,Thu,2021-05-06 07:54,8,5
2021-05-06 07:55,2021-05-06 09:28,Thu,2021-05-06 09:47,13,12
2021-05-06 09:48,2021-05-06 19:14,Thu,2021-05-06 19:31,13,66
2021-05-06 19:32,2021-05-06 20:19,Thu,2021-05-06 20:36,13,12
2021-05-06 20:37,2021-05-06 20:52,Thu,2021-05-06 21:18,12,8
2021-05-06 21:19,2021-05-06 21:29,Thu,2021-05-06 21:46,8,5
2021-05-06 21:47,2021-05-06 21:50,Thu,2021-05-06 21:58,8,4
2021-05-06 21:59,2021-05-06 23:01,Thu,2021-05-07 02:28,17,15
2021-05-07 02:29,2021-05-07 04:17,Fri,2021-05-07 07:02,11,6
2021-05-07 07:03,2021-05-07 13:29,Fri,2021-05-07 14:14,27,17
2021-05-07 14:15,2021-05-07 14:31,Fri,2021-05-07 15:38,19,17
2021-05-07 15:39,2021-05-07 15:50,Fri,2021-05-07 16:25,9,4
2021-05-07 16:26,2021-05-07 16:50,Fri,2021-05-07 17:20,13,9
2021-05-07 17:21,2021-05-07 19:11,Fri,2021-05-07 19:30,54,27
2021-05-07 19:31,2021-05-07 19:52,Fri,2021-05-07 20:00,16,33
2021-05-07 20:01,2021-05-07 20:31,Fri,2021-05-07 20:51,18,25
2021-05-07 20:52,2021-05-07 20:54,Fri,2021-05-07 21:08,12,6
2021-05-07 21:09,2021-05-07 22:59,Fri,2021-05-07 23:35,15,36
2021-05-07 23:36,2021-05-07 23:48,Fri,2021-05-07 23:58,8,4
2021-05-07 23:59,2021-05-10 06:50,Mon,2021-05-10 08:17,17,26
2021-05-10 08:18,2021-05-10 09:06,Mon,2021-05-10 14:13,14,6
2021-05-10 14:14,2021-05-10 14:19,Mon,2021-05-10 14:37,8,4
2021-05-10 14:38,2021-05-10 14:42,Mon,2021-05-10 14:52,9,5
2021-05-10 14:53,2021-05-10 15:05,Mon,2021-05-10 15:26,11,7
2021-05-10 15:27,2021-05-10 15:48,Mon,2021-05-10 20:55,18,20
2021-05-10 20:56,2021-05-10 21:16,Mon,2021-05-10 21:53,19,15
2021-05-10 21:54,2021-05-10 22:47,Mon,2021-05-11 00:15,18,17
2021-05-11 00:16,2021-05-11 00:20,Tue,2021-05-11 01:08,8,3
2021-05-11 01:09,2021-05-11 07:57,Tue,2021-05-11 09:20,15,33
2021-05-11 09:21,2021-05-11 10:06,Tue,2021-05-11 13:14,13,9
2021-05-11 13:15,2021-05-11 13:17,Tue,2021-05-11 13:58,9,3
2021-05-11 13:59,2021-05-11 14:06,Tue,2021-05-11 14:11,9,5
2021-05-11 14:12,2021-05-11 16:01,Tue,2021-05-11 17:42,14,43
2021-05-11 17:43,2021-05-11 20:05,Tue,2021-05-11 20:12,20,26
2021-05-11 20:13,2021-05-11 20:16,Tue,2021-05-11 20:19,8,3
2021-05-11 20:20,2021-05-11 20:28,Tue,2021-05-11 20:44,13,12
2021-05-11 20:45,2021-05-11 20:50,Tue,2021-05-11 20:51,9,4
2021-05-11 20:52,2021-05-11 20:57,Tue,2021-05-11 21:46,13,8
2021-05-11 21:47,2021-05-11 21:53,Tue,2021-05-11 22:02,8,3
2021-05-11 22:03,2021-05-11 22:29,Tue,2021-05-12 01:09,19,17
2021-05-12 01:10,2021-05-12 02:28,Wed,2021-05-12 05:42,11,8
2021-05-12 05:43,2021-05-12 07:06,Wed,2021-05-12 07:39,8,4
2021-05-12 07:40,2021-05-12 07:45,Wed,2021-05-12 08:10,8,3
2021-05-12 08:11,2021-05-12 08:17,Wed,2021-05-12 09:53,8,3
2021-05-12 09:54,2021-05-12 10:12,Wed,2021-05-12 10:49,9,4
2021-05-12 10:50,2021-05-12 10:56,Wed,2021-05-12 11:47,8,4
2021-05-12 11:48,2021-05-12 14:35,Wed,2021-05-12 16:39,17,23
2021-05-12 16:40,2021-05-12 16:58,Wed,2021-05-12 17:56,14,9
2021-05-12 17:57,2021-05-12 18:05,Wed,2021-05-12 18:48,8,5
2021-05-12 18:49,2021-05-12 19:30,Wed,2021-05-12 19:32,18,43
2021-05-12 19:33,2021-05-12 19:35,Wed,2021-05-12 19:36,11,8
2021-05-12 19:37,2021-05-12 19:54,Wed,2021-05-12 20:00,17,54
2021-05-12 20:01,2021-05-12 20:06,Wed,2021-05-12 20:17,20,14
2021-05-12 20:18,2021-05-12 21:54,Wed,2021-05-12 22:05,14,56
2021-05-12 22:06,2021-05-12 23:14,Wed,2021-05-13 07:51,18,16
2021-05-13 07:52,2021-05-13 08:03,Thu,2021-05-13 08:43,9,5
2021-05-13 08:44,2021-05-13 11:15,Thu,2021-05-13 13:22,17,16
2021-05-13 13:23,2021-05-13 14:21,Thu,2021-05-13 14:53,19,18
2021-05-13 14:54,2021-05-13 15:11,Thu,2021-05-13 15:26,11,8
2021-05-13 15:27,2021-05-13 15:34,Thu,2021-05-13 15:42,9,3
2021-05-13 15:43,2021-05-13 15:50,Thu,2021-05-13 16:27,18,21
2021-05-13 16:28,2021-05-13 17:10,Thu,2021-05-13 18:16,13,11
2021-05-13 18:17,2021-05-13 21:00,Thu,2021-05-13 21:26,17,27
2021-05-13 21:27,2021-05-13 21:33,Thu,2021-05-13 21:51,12,8
2021-05-13 21:52,2021-05-13 21:55,Thu,2021-05-13 22:14,9,3
2021-05-13 22:15,2021-05-13 22:44,Thu,2021-05-13 23:11,13,8
2021-05-13 23:12,2021-05-13 23:48,Thu,2021-05-14 00:11,17,13
2021-05-14 00:12,2021-05-14 00:18,Fri,2021-05-14 00:28,8,4
2021-05-14 00:29,2021-05-14 00:48,Fri,2021-05-14 01:13,9,5
2021-05-14 01:14,2021-05-14 15:36,Fri,2021-05-14 16:21,14,58
2021-05-14 16:22,2021-05-14 16:33,Fri,2021-05-14 16:45,10,4
2021-05-14 16:46,2021-05-14 17:15,Fri,2021-05-14 17:37,8,5
2021-05-14 17:38,2021-05-14 21:16,Fri,2021-05-14 21:38,14,43
2021-05-14 21:39,2021-05-17 06:55,Mon,2021-05-17 07:42,18,19
2021-05-17 07:43,2021-05-17 08:25,Mon,2021-05-17 09:31,8,5
2021-05-17 09:32,2021-05-17 10:21,Mon,2021-05-17 12:17,11,8
2021-05-17 12:18,2021-05-17 12:58,Mon,2021-05-17 13:13,8,4
2021-05-17 13:14,2021-05-17 13:23,Mon,2021-05-17 13:35,8,5
2021-05-17 13:36,2021-05-17 13:57,Mon,2021-05-17 14:09,9,4
2021-05-17 14:10,2021-05-17 14:48,Mon,2021-05-17 15:55,17,14
2021-05-17 15:56,2021-05-17 16:09,Mon,2021-05-17 16:38,11,8
2021-05-17 16:39,2021-05-17 16:43,Mon,2021-05-17 16:47,12,5
2021-05-17 16:48,2021-05-17 16:52,Mon,2021-05-17 17:04,9,4
2021-05-17 17:05,2021-05-17 17:55,Mon,2021-05-17 18:45,13,9
2021-05-17 18:46,2021-05-17 18:47,Mon,2021-05-17 18:57,10,3
2021-05-17 18:58,2021-05-17 19:03,Mon,2021-05-17 19:13,8,5
2021-05-17 19:14,2021-05-17 19:26,Mon,2021-05-17 20:19,11,7
2021-05-17 20:20,2021-05-17 20:23,Mon,2021-05-17 21:08,8,3
2021-05-17 21:09,None,Tue,2021-05-17 21:16,0,77
2021-05-17 21:17,2021-05-17 21:28,Mon,2021-05-17 21:51,13,9
2021-05-17 21:52,2021-05-18 15:43,Tue,2021-05-17 21:52,0,77
2021-05-17 21:53,2021-05-17 22:08,Mon,2021-05-17 22:21,8,5
2021-05-17 22:22,2021-05-17 22:31,Mon,2021-05-17 22:49,8,5
2021-05-17 22:50,2021-05-18 00:42,Tue,2021-05-18 01:10,8,5
2021-05-18 01:11,2021-05-18 03:59,Tue,2021-05-18 08:18,13,11
2021-05-18 08:19,2021-05-18 08:22,Tue,2021-05-18 09:02,8,3
2021-05-18 09:03,2021-05-18 09:53,Tue,2021-05-18 13:12,13,6
2021-05-18 13:13,2021-05-18 16:36,Tue,2021-05-18 17:26,14,46
2021-05-18 17:27,2021-05-18 17:43,Tue,2021-05-18 17:59,11,8
2021-05-18 18:00,2021-05-18 18:19,Tue,2021-05-18 18:47,8,4
2021-05-18 18:48,2021-05-18 18:51,Tue,2021-05-18 19:40,12,3
2021-05-18 19:41,2021-05-18 22:58,Tue,2021-05-18 23:56,16,30
2021-05-18 23:57,2021-05-19 00:09,Wed,2021-05-19 00:45,9,3
2021-05-19 00:46,2021-05-19 04:29,Wed,2021-05-19 07:46,13,11
2021-05-19 07:47,2021-05-19 09:04,Wed,2021-05-19 11:16,17,15
2021-05-19 11:17,2021-05-19 11:45,Wed,2021-05-19 12:45,8,5
2021-05-19 12:46,2021-05-19 13:25,Wed,2021-05-19 14:23,11,6
2021-05-19 14:24,2021-05-19 14:27,Wed,2021-05-19 14:34,10,4
2021-05-19 14:35,2021-05-19 14:45,Wed,2021-05-19 14:54,11,3
2021-05-19 14:55,2021-05-19 15:06,Wed,2021-05-19 15:29,11,7
2021-05-19 15:30,2021-05-19 15:31,Wed,2021-05-19 15:37,8,4
2021-05-19 15:38,2021-05-19 15:47,Wed,2021-05-19 15:59,11,8
2021-05-19 16:00,2021-05-19 16:05,Wed,2021-05-19 16:25,8,3
2021-05-19 16:26,2021-05-19 17:08,Wed,2021-05-19 17:22,11,7
2021-05-19 17:23,2021-05-19 17:30,Wed,2021-05-19 17:57,8,4
2021-05-19 17:58,2021-05-19 18:20,Wed,2021-05-19 19:05,18,17
2021-05-19 19:06,2021-05-19 19:18,Wed,2021-05-19 20:01,11,8
2021-05-19 20:02,2021-05-19 20:50,Wed,2021-05-19 21:10,17,31
2021-05-19 21:11,2021-05-19 21:28,Wed,2021-05-19 21:44,13,10
2021-05-19 21:45,2021-05-19 21:47,Wed,2021-05-19 22:22,9,5
2021-05-19 22:23,2021-05-20 01:07,Thu,2021-05-20 01:21,13,46
2021-05-20 01:22,2021-05-20 01:23,Thu,2021-05-20 01:25,8,5
2021-05-20 01:26,2021-05-20 01:29,Thu,2021-05-20 01:38,10,4
2021-05-20 01:39,2021-05-20 01:41,Thu,2021-05-20 01:46,9,4
2021-05-20 01:47,2021-05-20 01:58,Thu,2021-05-20 02:00,12,7
2021-05-20 02:01,2021-05-20 13:34,Thu,2021-05-20 13:58,15,38
2021-05-20 13:59,2021-05-20 14:58,Thu,2021-05-20 15:51,18,19
2021-05-20 15:52,2021-05-20 16:05,Thu,2021-05-20 17:13,8,5
2021-05-20 17:14,2021-05-20 22:57,Thu,2021-05-21 00:30,14,42
2021-05-21 00:31,2021-05-21 08:38,Fri,2021-05-21 13:41,16,27
2021-05-21 13:42,2021-05-21 14:02,Fri,2021-05-21 14:30,13,11
2021-05-21 14:31,2021-05-21 14:47,Fri,2021-05-21 16:19,18,13
2021-05-21 16:20,2021-05-21 16:58,Fri,2021-05-21 17:20,11,6
2021-05-21 17:21,2021-05-21 19:09,Fri,2021-05-21 19:22,14,57
2021-05-21 19:23,2021-05-21 20:00,Fri,2021-05-21 20:45,23,15
2021-05-21 20:46,2021-05-21 20:58,Fri,2021-05-21 21:18,12,8
2021-05-21 21:19,2021-05-21 21:29,Fri,2021-05-21 21:38,8,5
2021-05-21 21:39,2021-05-21 22:05,Fri,2021-05-21 23:33,18,19
2021-05-21 23:34,2021-05-21 23:40,Fri,2021-05-21 23:56,13,3
2021-05-21 23:57,2021-05-24 15:21,Mon,2021-05-24 15:35,14,41
2021-05-24 15:36,2021-05-24 15:38,Mon,2021-05-24 15:42,13,8
2021-05-24 15:43,2021-05-24 21:21,Mon,2021-05-24 21:53,14,40
2021-05-24 21:54,2021-05-24 21:57,Mon,2021-05-24 22:04,8,3
2021-05-24 22:05,2021-05-24 22:07,Mon,2021-05-24 22:30,8,3
2021-05-24 22:31,2021-05-24 23:29,Mon,2021-05-25 00:47,13,10
2021-05-25 00:48,2021-05-25 01:40,Tue,2021-05-25 07:57,11,7
2021-05-25 07:58,2021-05-25 14:28,Tue,2021-05-25 15:33,14,40
2021-05-25 15:34,2021-05-25 19:15,Tue,2021-05-25 20:22,19,20
2021-05-25 20:23,2021-05-25 20:34,Tue,2021-05-25 20:44,12,8
2021-05-25 20:45,2021-05-25 23:06,Tue,2021-05-26 00:22,16,27
2021-05-26 00:23,2021-05-26 00:25,Wed,2021-05-26 01:09,8,3
2021-05-26 01:10,2021-05-26 01:44,Wed,2021-05-26 07:54,11,7
2021-05-26 07:55,2021-05-26 08:57,Wed,2021-05-26 10:04,11,6
2021-05-26 10:05,2021-05-26 12:15,Wed,2021-05-26 13:06,13,10
2021-05-26 13:07,2021-05-26 13:37,Wed,2021-05-26 14:10,13,7
2021-05-26 14:11,2021-05-26 14:12,Wed,2021-05-26 14:35,9,4
2021-05-26 14:36,2021-05-26 15:12,Wed,2021-05-26 15:44,11,7
2021-05-26 15:45,2021-05-26 16:49,Wed,2021-05-26 17:46,13,12
2021-05-26 17:47,2021-05-26 17:50,Wed,2021-05-26 18:11,8,3
2021-05-26 18:12,2021-05-26 18:26,Wed,2021-05-26 18:58,9,5
2021-05-26 18:59,2021-05-26 19:14,Wed,2021-05-26 19:51,12,7
2021-05-26 19:52,2021-05-26 19:57,Wed,2021-05-26 20:38,9,3
2021-05-26 20:39,2021-05-26 20:46,Wed,2021-05-26 21:02,8,4
2021-05-26 21:03,2021-05-26 21:11,Wed,2021-05-26 21:19,9,3
2021-05-26 21:20,2021-05-26 21:32,Wed,2021-05-26 21:52,10,4
2021-05-26 21:53,2021-05-27 00:44,Thu,2021-05-27 02:03,13,50
2021-05-27 02:04,2021-05-27 03:13,Thu,2021-05-27 07:25,11,6
2021-05-27 07:26,2021-05-27 07:41,Thu,2021-05-27 07:54,9,5
2021-05-27 07:55,2021-05-27 07:59,Thu,2021-05-27 08:08,8,5
2021-05-27 08:09,2021-05-27 08:23,Thu,2021-05-27 08:41,8,4
2021-05-27 08:42,2021-05-27 08:54,Thu,2021-05-27 09:13,9,3
2021-05-27 09:14,2021-05-27 10:05,Thu,2021-05-27 12:58,11,6
2021-05-27 12:59,2021-05-27 13:00,Thu,2021-05-27 13:06,9,3
2021-05-27 13:07,2021-05-27 13:27,Thu,2021-05-27 14:20,18,14
2021-05-27 14:21,2021-05-27 14:28,Thu,2021-05-27 14:51,8,3
2021-05-27 14:52,2021-05-27 15:28,Thu,2021-05-27 15:46,19,15
2021-05-27 15:47,2021-05-27 15:57,Thu,2021-05-27 17:06,17,16
2021-05-27 17:07,2021-05-27 18:18,Thu,2021-05-27 18:45,13,12
2021-05-27 18:46,2021-05-27 19:01,Thu,2021-05-27 19:45,11,6
2021-05-27 19:46,2021-05-27 20:18,Thu,2021-05-27 20:55,14,11
2021-05-27 20:56,2021-05-27 21:00,Thu,2021-05-27 21:16,11,6
2021-05-27 21:17,2021-05-27 21:23,Thu,2021-05-27 21:39,12,7
2021-05-27 21:40,2021-05-27 21:48,Thu,2021-05-27 21:50,8,4
2021-05-27 21:51,2021-05-27 22:09,Thu,2021-05-27 22:25,11,6
2021-05-27 22:26,2021-05-27 22:32,Thu,2021-05-27 22:46,12,6
2021-05-27 22:47,2021-05-27 23:25,Thu,2021-05-28 00:36,13,12
2021-05-28 00:37,2021-05-28 00:53,Fri,2021-05-28 03:38,11,7
2021-05-28 03:39,2021-05-28 05:23,Fri,2021-05-28 07:16,8,5
2021-05-28 07:17,2021-05-28 11:18,Fri,2021-05-28 12:43,12,8
2021-05-28 12:44,2021-05-28 13:12,Fri,2021-05-28 13:42,12,8
2021-05-28 13:43,2021-05-28 13:52,Fri,2021-05-28 14:14,11,8
2021-05-28 14:15,2021-05-28 14:22,Fri,2021-05-28 14:39,11,6
2021-05-28 14:40,2021-05-28 14:56,Fri,2021-05-28 15:04,8,5
2021-05-28 15:05,2021-05-28 15:19,Fri,2021-05-28 16:28,11,8
2021-05-28 16:29,2021-05-28 20:01,Fri,2021-05-28 20:31,15,58
2021-05-28 20:32,2021-05-29 00:43,Sat,2021-05-29 03:05,14,57
2021-05-29 03:06,2021-05-31 06:04,Mon,2021-05-31 07:24,11,7
2021-05-31 07:25,2021-05-31 09:52,Mon,2021-05-31 13:42,18,19
2021-05-31 13:43,2021-06-01 08:19,Tue,2021-06-01 12:27,14,52
2021-06-01 12:28,2021-06-01 14:59,Tue,2021-06-01 15:14,18,22
2021-06-01 15:15,2021-06-01 15:31,Tue,2021-06-01 15:55,17,13
2021-06-01 15:56,2021-06-01 16:19,Tue,2021-06-01 17:24,11,7
2021-06-01 17:25,2021-06-01 20:12,Tue,2021-06-01 20:33,14,10
2021-06-01 20:34,2021-06-01 20:38,Tue,2021-06-01 20:47,8,3
2021-06-01 20:48,2021-06-01 21:30,Tue,2021-06-01 23:24,18,20
2021-06-01 23:25,2021-06-02 18:20,Wed,2021-06-02 18:47,13,71
2021-06-02 18:48,2021-06-02 18:54,Wed,2021-06-02 19:09,10,3
2021-06-02 19:10,2021-06-02 20:00,Wed,2021-06-02 20:40,12,7
2021-06-02 20:41,2021-06-02 22:19,Wed,2021-06-03 12:30,18,21
2021-06-03 12:31,2021-06-03 15:02,Thu,2021-06-03 17:00,19,20
2021-06-03 17:01,2021-06-03 17:04,Thu,2021-06-03 17:16,8,4
2021-06-03 17:17,2021-06-03 17:25,Thu,2021-06-03 17:32,8,4
2021-06-03 17:33,2021-06-03 18:10,Thu,2021-06-03 19:15,17,10
2021-06-03 19:16,2021-06-03 23:32,Thu,2021-06-04 02:34,13,66
2021-06-04 02:35,2021-06-04 12:57,Fri,2021-06-04 19:29,17,28
2021-06-04 19:30,2021-06-04 19:32,Fri,2021-06-04 19:37,17,14
2021-06-04 19:38,2021-06-04 19:42,Fri,2021-06-04 19:44,8,5
2021-06-04 19:45,2021-06-04 21:01,Fri,2021-06-04 21:18,15,33
2021-06-04 21:19,2021-06-04 21:23,Fri,2021-06-04 21:31,8,3
2021-06-04 21:32,2021-06-07 14:08,Mon,2021-06-07 14:40,16,32
2021-06-07 14:41,2021-06-07 14:55,Mon,2021-06-07 15:09,8,5
2021-06-07 15:10,2021-06-07 15:32,Mon,2021-06-07 16:55,11,7
2021-06-07 16:56,2021-06-07 17:14,Mon,2021-06-07 17:29,9,3
2021-06-07 17:30,2021-06-07 23:01,Mon,2021-06-08 03:59,13,50
2021-06-08 04:00,2021-06-08 07:21,Tue,2021-06-08 07:52,11,7
2021-06-08 07:53,2021-06-08 08:17,Tue,2021-06-08 10:03,11,8
2021-06-08 10:04,2021-06-08 13:10,Tue,2021-06-08 14:18,15,9
2021-06-08 14:19,2021-06-08 14:21,Tue,2021-06-08 14:48,9,3
2021-06-08 14:49,2021-06-08 15:05,Tue,2021-06-08 15:54,11,7
2021-06-08 15:55,2021-06-08 16:20,Tue,2021-06-08 18:02,14,10
2021-06-08 18:03,2021-06-08 18:35,Tue,2021-06-08 19:30,14,11
2021-06-08 19:31,2021-06-08 19:36,Tue,2021-06-08 19:48,11,5
2021-06-08 19:49,2021-06-08 20:36,Tue,2021-06-08 21:02,13,12
2021-06-08 21:03,2021-06-08 21:11,Tue,2021-06-08 21:23,8,4
2021-06-08 21:24,2021-06-08 21:55,Tue,2021-06-08 22:20,13,12
2021-06-08 22:21,2021-06-08 23:13,Tue,2021-06-09 00:27,8,5
2021-06-09 00:28,2021-06-09 01:55,Wed,2021-06-09 03:59,11,8
2021-06-09 04:00,2021-06-09 05:01,Wed,2021-06-09 08:48,8,4
2021-06-09 08:49,2021-06-09 12:50,Wed,2021-06-09 15:14,13,9
2021-06-09 15:15,2021-06-09 15:19,Wed,2021-06-09 16:08,8,4
2021-06-09 16:09,2021-06-09 20:30,Wed,2021-06-09 21:22,16,31
2021-06-09 21:23,2021-06-10 14:37,Thu,2021-06-10 15:46,13,47
2021-06-10 15:47,2021-06-10 16:31,Thu,2021-06-10 17:08,11,7
2021-06-10 17:09,2021-06-10 19:54,Thu,2021-06-10 20:10,16,31
2021-06-10 20:11,2021-06-10 20:28,Thu,2021-06-10 20:37,17,33
2021-06-10 20:38,2021-06-10 21:19,Thu,2021-06-10 21:53,17,23
2021-06-10 21:54,2021-06-10 22:13,Thu,2021-06-10 22:17,11,6
2021-06-10 22:18,2021-06-10 22:29,Thu,2021-06-10 22:53,8,4
2021-06-10 22:54,2021-06-10 22:58,Thu,2021-06-10 23:13,9,4
2021-06-10 23:14,2021-06-10 23:19,Thu,2021-06-10 23:37,8,4
2021-06-10 23:38,2021-06-11 00:11,Fri,2021-06-11 02:57,8,5
2021-06-11 02:58,2021-06-11 13:20,Fri,2021-06-11 14:31,17,23
2021-06-11 14:32,2021-06-11 14:51,Fri,2021-06-11 15:27,14,11
2021-06-11 15:28,2021-06-11 19:11,Fri,2021-06-11 19:44,13,50
2021-06-11 19:45,2021-06-12 00:07,Sat,2021-06-12 02:44,14,44
2021-06-12 02:45,2021-06-12 03:04,Sat,2021-06-14 04:35,8,3
2021-06-14 04:36,2021-06-14 05:23,Mon,2021-06-14 08:15,13,9
2021-06-14 08:16,2021-06-14 21:39,Mon,2021-06-15 07:03,15,35
2021-06-15 07:04,2021-06-15 14:56,Tue,2021-06-15 15:46,16,32
2021-06-15 15:47,2021-06-15 19:48,Tue,2021-06-15 20:16,16,32
2021-06-15 20:17,2021-06-16 13:37,Wed,2021-06-16 17:45,19,17
2021-06-16 17:46,2021-06-16 18:00,Wed,2021-06-16 19:13,9,4
2021-06-16 19:14,2021-06-16 19:20,Wed,2021-06-16 19:53,9,3
2021-06-16 19:54,2021-06-16 20:03,Wed,2021-06-16 20:18,8,3
2021-06-16 20:19,2021-06-16 20:23,Wed,2021-06-16 20:53,8,3
2021-06-16 20:54,2021-06-16 21:23,Wed,2021-06-16 22:33,11,7
2021-06-16 22:34,2021-06-16 22:44,Wed,2021-06-16 23:01,8,4
2021-06-16 23:02,None,Thu,2021-06-16 23:07,0,78
2021-06-16 23:08,2021-06-16 23:57,Wed,2021-06-17 00:59,17,5
2021-06-17 01:00,2021-06-17 01:18,Thu,2021-06-17 01:24,17,31
2021-06-17 01:25,2021-06-17 01:46,Thu,2021-06-17 01:52,14,40
2021-06-17 01:53,2021-06-17 02:00,Thu,2021-06-17 02:06,14,8
2021-06-17 02:07,2021-06-17 02:10,Thu,2021-06-17 02:12,10,5
2021-06-17 02:13,2021-06-17 02:17,Thu,2021-06-17 02:27,11,7
2021-06-17 02:28,2021-06-17 07:18,Thu,2021-06-17 08:29,16,36
2021-06-17 08:30,2021-06-17 08:37,Thu,2021-06-17 09:08,8,4
2021-06-17 09:09,2021-06-17 09:15,Thu,2021-06-17 10:45,8,3
2021-06-17 10:46,2021-06-17 10:55,Thu,2021-06-17 12:36,8,3
2021-06-17 12:37,2021-06-17 12:58,Thu,2021-06-17 13:00,8,5
2021-06-17 13:01,2021-06-17 14:35,Thu,2021-06-17 15:03,17,52
2021-06-17 15:04,2021-06-17 15:54,Thu,2021-06-17 16:13,17,25
2021-06-17 16:14,2021-06-17 16:17,Thu,2021-06-17 16:28,8,3
2021-06-17 16:29,2021-06-17 16:38,Thu,2021-06-17 16:52,11,6
2021-06-17 16:53,2021-06-17 17:03,Thu,2021-06-17 17:14,13,9
2021-06-17 17:15,2021-06-17 17:53,Thu,2021-06-17 19:08,17,13
2021-06-17 19:09,2021-06-17 19:32,Thu,2021-06-17 19:49,13,10
2021-06-17 19:50,2021-06-17 20:03,Thu,2021-06-17 20:20,11,6
2021-06-17 20:21,2021-06-17 20:33,Thu,2021-06-17 20:48,13,9
2021-06-17 20:49,2021-06-17 21:12,Thu,2021-06-17 21:53,17,16
2021-06-17 21:54,2021-06-17 21:57,Thu,2021-06-17 22:04,8,5
2021-06-17 22:05,2021-06-17 23:30,Thu,2021-06-18 00:04,14,39
2021-06-18 00:05,2021-06-18 00:13,Fri,2021-06-18 00:35,11,6
2021-06-18 00:36,2021-06-18 01:42,Fri,2021-06-18 02:06,11,8
2021-06-18 02:07,2021-06-18 02:29,Fri,2021-06-18 02:39,9,5
2021-06-18 02:40,2021-06-18 10:34,Fri,2021-06-18 12:05,17,24
2021-06-18 12:06,2021-06-18 13:56,Fri,2021-06-18 14:07,17,23
2021-06-18 14:08,2021-06-18 14:19,Fri,2021-06-18 14:41,13,11
2021-06-18 14:42,2021-06-18 15:28,Fri,2021-06-18 19:07,18,17
2021-06-18 19:08,2021-06-18 19:28,Fri,2021-06-18 19:33,15,35
2021-06-18 19:34,2021-06-18 19:39,Fri,2021-06-18 19:49,8,4
2021-06-18 19:50,2021-06-18 19:59,Fri,2021-06-18 20:15,13,6
2021-06-18 20:16,2021-06-18 20:25,Fri,2021-06-18 20:35,11,7
2021-06-18 20:36,2021-06-18 20:38,Fri,2021-06-18 20:57,8,3
2021-06-18 20:58,2021-06-18 21:26,Fri,2021-06-18 21:35,17,15
2021-06-18 21:36,2021-06-18 21:42,Fri,2021-06-18 21:45,10,5
2021-06-18 21:46,2021-06-18 21:50,Fri,2021-06-18 21:54,11,5
2021-06-18 21:55,2021-06-18 21:57,Fri,2021-06-18 21:59,8,5
2021-06-18 22:00,2021-06-18 22:10,Fri,2021-06-18 22:34,11,7
2021-06-18 22:35,2021-06-18 23:12,Fri,2021-06-19 03:20,18,20
2021-06-19 03:21,2021-06-21 04:05,Mon,2021-06-21 05:01,14,9
2021-06-21 05:02,2021-06-21 07:11,Mon,2021-06-21 08:54,13,10
2021-06-21 08:55,2021-06-21 08:59,Mon,2021-06-21 09:09,8,3
2021-06-21 09:10,2021-06-21 10:45,Mon,2021-06-21 11:59,18,24
2021-06-21 12:00,2021-06-21 12:18,Mon,2021-06-21 13:03,13,9
2021-06-21 13:04,2021-06-21 13:54,Mon,2021-06-21 14:06,17,15
2021-06-21 14:07,2021-06-21 14:23,Mon,2021-06-21 14:34,19,13
2021-06-21 14:35,2021-06-21 21:45,Mon,2021-06-21 22:31,14,50
2021-06-21 22:32,2021-06-21 23:42,Mon,2021-06-22 08:03,18,17
2021-06-22 08:04,2021-06-22 10:25,Tue,2021-06-22 12:26,17,13
2021-06-22 12:27,2021-06-22 12:59,Tue,2021-06-22 14:02,14,10
2021-06-22 14:03,2021-06-22 14:14,Tue,2021-06-22 14:31,14,9
2021-06-22 14:32,2021-06-22 14:43,Tue,2021-06-22 15:00,13,7
2021-06-22 15:01,2021-06-22 15:14,Tue,2021-06-22 15:33,8,5
2021-06-22 15:34,2021-06-22 16:55,Tue,2021-06-22 18:45,19,21
2021-06-22 18:46,2021-06-22 18:49,Tue,2021-06-22 18:58,8,3
2021-06-22 18:59,2021-06-22 19:17,Tue,2021-06-22 19:27,8,5
2021-06-22 19:28,2021-06-22 19:40,Tue,2021-06-22 20:04,14,9
2021-06-22 20:05,2021-06-23 02:09,Wed,2021-06-23 03:41,14,55
2021-06-23 03:42,2021-06-23 03:47,Wed,2021-06-23 07:22,8,3
2021-06-23 07:23,2021-06-23 12:30,Wed,2021-06-23 13:40,18,19
2021-06-23 13:41,2021-06-23 14:15,Wed,2021-06-23 14:30,20,22
2021-06-23 14:31,2021-06-23 14:38,Wed,2021-06-23 14:59,8,5
2021-06-23 15:00,2021-06-23 15:19,Wed,2021-06-23 15:57,11,7
2021-06-23 15:58,2021-06-23 20:58,Wed,2021-06-23 21:48,16,37
2021-06-23 21:49,2021-06-24 13:00,Thu,2021-06-24 13:30,15,37
2021-06-24 13:31,2021-06-24 13:39,Thu,2021-06-24 14:07,9,4
2021-06-24 14:08,2021-06-24 14:40,Thu,2021-06-24 14:52,12,7
2021-06-24 14:53,2021-06-24 15:24,Thu,2021-06-24 15:58,13,10
2021-06-24 15:59,2021-06-24 19:55,Thu,2021-06-24 21:31,16,31
2021-06-24 21:32,2021-06-24 21:53,Thu,2021-06-25 08:27,18,19
2021-06-25 08:28,2021-06-25 08:41,Fri,2021-06-25 11:57,8,4
2021-06-25 11:58,2021-06-25 12:14,Fri,2021-06-25 13:28,8,3
2021-06-25 13:29,2021-06-25 13:46,Fri,2021-06-25 14:22,11,7
2021-06-25 14:23,2021-06-25 20:58,Fri,2021-06-25 21:48,16,36
2021-06-25 21:49,2021-06-25 21:55,Fri,2021-06-25 21:59,8,4
2021-06-25 22:00,2021-06-28 09:15,Mon,2021-06-28 14:01,17,30
2021-06-28 14:02,2021-06-28 14:13,Mon,2021-06-28 15:06,9,5
2021-06-28 15:07,2021-06-28 15:20,Mon,2021-06-28 15:47,13,10
2021-06-28 15:48,2021-06-28 16:00,Mon,2021-06-28 18:05,11,6
2021-06-28 18:06,2021-06-28 19:00,Mon,2021-06-28 19:54,16,29
2021-06-28 19:55,2021-06-28 20:21,Mon,2021-06-28 20:39,13,10
2021-06-28 20:40,2021-06-28 21:49,Mon,2021-06-28 23:43,17,26
2021-06-28 23:44,2021-06-28 23:55,Mon,2021-06-29 00:46,8,4
2021-06-29 00:47,2021-06-29 07:02,Tue,2021-06-29 08:57,13,9
2021-06-29 08:58,2021-06-29 09:29,Tue,2021-06-29 10:42,9,4
2021-06-29 10:43,2021-06-29 13:20,Tue,2021-06-29 15:05,18,14
2021-06-29 15:06,2021-06-29 15:47,Tue,2021-06-29 17:02,13,9
2021-06-29 17:03,2021-06-29 19:56,Tue,2021-06-29 20:34,16,32
2021-06-29 20:35,2021-06-29 20:41,Tue,2021-06-29 20:56,9,5
2021-06-29 20:57,2021-06-29 21:01,Tue,2021-06-29 21:55,25,13
2021-06-29 21:56,2021-06-29 22:04,Tue,2021-06-29 22:20,8,5
2021-06-29 22:21,2021-06-29 22:29,Tue,2021-06-29 23:28,8,5
2021-06-29 23:29,2021-06-30 00:05,Wed,2021-06-30 07:28,13,10
2021-06-30 07:29,2021-06-30 09:21,Wed,2021-06-30 12:59,13,12
2021-06-30 13:00,2021-06-30 13:55,Wed,2021-06-30 15:12,18,14
2021-06-30 15:13,2021-06-30 15:17,Wed,2021-06-30 15:32,9,3
2021-06-30 15:33,2021-06-30 15:56,Wed,2021-06-30 16:36,13,11
2021-06-30 16:37,2021-06-30 21:21,Wed,2021-06-30 21:40,14,41
2021-06-30 21:41,2021-06-30 21:42,Wed,2021-06-30 21:53,8,3
2021-06-30 21:54,2021-06-30 21:57,Wed,2021-06-30 22:04,19,20
2021-06-30 22:05,2021-07-01 13:32,Thu,2021-07-01 13:57,18,30
2021-07-01 13:58,2021-07-01 14:12,Thu,2021-07-01 14:46,12,7
2021-07-01 14:47,2021-07-01 14:57,Thu,2021-07-01 15:31,12,6
2021-07-01 15:32,2021-07-01 15:41,Thu,2021-07-01 16:13,9,5
2021-07-01 16:14,2021-07-01 19:10,Thu,2021-07-01 20:31,15,35
2021-07-01 20:32,2021-07-01 20:42,Thu,2021-07-01 20:57,11,6
2021-07-01 20:58,2021-07-02 19:06,Fri,2021-07-02 19:32,21,59
2021-07-02 19:33,2021-07-02 19:35,Fri,2021-07-02 19:38,13,7
2021-07-02 19:39,2021-07-02 19:44,Fri,2021-07-02 19:49,12,6
2021-07-02 19:50,2021-07-02 19:51,Fri,2021-07-02 19:53,12,4
2021-07-02 19:54,2021-07-02 20:19,Fri,2021-07-02 20:29,20,15
2021-07-02 20:30,2021-07-02 20:33,Fri,2021-07-02 20:37,12,7
2021-07-02 20:38,2021-07-02 20:41,Fri,2021-07-02 20:46,8,5
2021-07-02 20:47,2021-07-02 20:51,Fri,2021-07-02 20:58,14,6
2021-07-02 20:59,2021-07-02 21:11,Fri,2021-07-02 22:13,17,14
2021-07-02 22:14,2021-07-02 23:14,Fri,2021-07-03 00:20,13,10
2021-07-03 00:21,2021-07-03 01:12,Sat,2021-07-05 05:56,17,23
2021-07-05 05:57,2021-07-05 06:06,Mon,2021-07-05 07:04,8,5
2021-07-05 07:05,2021-07-05 08:28,Mon,2021-07-05 11:01,11,8
2021-07-05 11:02,2021-07-05 16:42,Mon,2021-07-05 19:15,18,29
2021-07-05 19:16,2021-07-05 19:38,Mon,2021-07-05 21:11,11,7
2021-07-05 21:12,2021-07-06 13:09,Tue,2021-07-06 14:40,17,38
2021-07-06 14:41,2021-07-06 14:47,Tue,2021-07-06 14:56,8,4
2021-07-06 14:57,2021-07-06 16:35,Tue,2021-07-06 17:16,14,41
2021-07-06 17:17,2021-07-06 20:10,Tue,2021-07-06 21:14,19,23
2021-07-06 21:15,2021-07-06 23:35,Tue,2021-07-07 01:31,16,31
2021-07-07 01:32,2021-07-07 02:50,Wed,2021-07-07 04:16,11,7
2021-07-07 04:17,2021-07-07 07:19,Wed,2021-07-07 12:12,12,8
2021-07-07 12:13,2021-07-07 12:20,Wed,2021-07-07 12:43,8,3
2021-07-07 12:44,2021-07-07 14:37,Wed,2021-07-07 15:03,18,22
2021-07-07 15:04,2021-07-07 15:38,Wed,2021-07-07 19:06,17,14
2021-07-07 19:07,2021-07-07 19:16,Wed,2021-07-07 19:29,8,5
2021-07-07 19:30,2021-07-07 21:32,Wed,2021-07-07 21:55,15,43
2021-07-07 21:56,2021-07-07 22:00,Wed,2021-07-07 22:13,8,4
2021-07-07 22:14,2021-07-07 22:33,Wed,2021-07-07 22:40,11,7
2021-07-07 22:41,2021-07-07 23:17,Wed,2021-07-08 01:01,18,9
2021-07-08 01:02,2021-07-08 01:03,Thu,2021-07-08 01:54,13,11
2021-07-08 01:55,2021-07-08 08:56,Thu,2021-07-08 12:43,18,22
2021-07-08 12:44,2021-07-08 12:50,Thu,2021-07-08 13:30,9,4
2021-07-08 13:31,2021-07-08 13:36,Thu,2021-07-08 14:08,11,4
2021-07-08 14:09,2021-07-08 14:21,Thu,2021-07-08 14:54,12,5
2021-07-08 14:55,2021-07-08 14:59,Thu,2021-07-08 15:11,9,5
2021-07-08 15:12,2021-07-08 15:21,Thu,2021-07-08 15:56,8,5
2021-07-08 15:57,2021-07-08 21:41,Thu,2021-07-08 22:00,14,44
2021-07-08 22:01,2021-07-08 22:06,Thu,2021-07-08 22:21,12,8
2021-07-08 22:22,2021-07-09 01:31,Fri,2021-07-09 02:59,13,11
2021-07-09 03:00,2021-07-09 05:29,Fri,2021-07-09 08:54,11,8
2021-07-09 08:55,2021-07-09 08:58,Fri,2021-07-09 13:16,8,3
2021-07-09 13:17,2021-07-09 14:00,Fri,2021-07-09 14:47,13,9
2021-07-09 14:48,2021-07-09 15:06,Fri,2021-07-09 15:55,11,7
2021-07-09 15:56,2021-07-09 16:01,Fri,2021-07-09 16:17,10,5
2021-07-09 16:18,2021-07-09 16:24,Fri,2021-07-09 16:39,8,4
2021-07-09 16:40,2021-07-09 21:54,Fri,2021-07-09 22:04,15,33
2021-07-09 22:05,2021-07-09 22:17,Fri,2021-07-09 22:29,8,5
2021-07-09 22:30,2021-07-10 03:22,Sat,2021-07-12 13:14,17,25
2021-07-12 13:15,2021-07-12 13:33,Mon,2021-07-12 13:48,11,7
2021-07-12 13:49,2021-07-12 14:51,Mon,2021-07-12 16:48,19,22
2021-07-12 16:49,2021-07-12 18:58,Mon,2021-07-12 19:18,17,23
2021-07-12 19:19,2021-07-12 19:55,Mon,2021-07-12 20:23,11,6
2021-07-12 20:24,2021-07-12 20:35,Mon,2021-07-12 20:45,13,10
2021-07-12 20:46,2021-07-12 20:53,Mon,2021-07-12 21:53,12,8
2021-07-12 21:54,2021-07-12 23:41,Mon,2021-07-13 08:58,18,22
2021-07-13 08:59,2021-07-13 09:11,Tue,2021-07-13 09:39,8,5
2021-07-13 09:40,2021-07-13 10:22,Tue,2021-07-13 11:32,8,5
2021-07-13 11:33,2021-07-13 19:32,Tue,2021-07-13 19:35,13,61
2021-07-13 19:36,2021-07-13 19:40,Tue,2021-07-13 19:46,19,18
2021-07-13 19:47,2021-07-13 20:21,Tue,2021-07-13 20:37,20,19
2021-07-13 20:38,2021-07-13 20:42,Tue,2021-07-13 20:48,14,6
2021-07-13 20:49,2021-07-13 20:50,Tue,2021-07-13 21:08,12,7
2021-07-13 21:09,2021-07-13 21:28,Tue,2021-07-13 22:14,17,16
2021-07-13 22:15,2021-07-13 22:42,Tue,2021-07-13 23:39,11,7
2021-07-13 23:40,2021-07-14 04:25,Wed,2021-07-14 12:11,15,36
2021-07-14 12:12,2021-07-14 14:37,Wed,2021-07-14 15:00,14,11
2021-07-14 15:01,2021-07-14 15:32,Wed,2021-07-14 16:00,17,15
2021-07-14 16:01,2021-07-14 16:09,Wed,2021-07-14 16:25,8,5
2021-07-14 16:26,2021-07-15 02:46,Thu,2021-07-15 09:10,14,54
2021-07-15 09:11,2021-07-15 09:58,Thu,2021-07-15 10:39,8,4
2021-07-15 10:40,2021-07-15 13:07,Thu,2021-07-15 14:30,17,15
2021-07-15 14:31,2021-07-15 14:44,Thu,2021-07-15 14:58,8,5
2021-07-15 14:59,2021-07-15 15:00,Thu,2021-07-15 15:15,9,3
2021-07-15 15:16,2021-07-15 15:41,Thu,2021-07-15 17:02,12,8
2021-07-15 17:03,2021-07-15 19:57,Thu,2021-07-15 20:44,15,33
2021-07-15 20:45,2021-07-15 21:09,Thu,2021-07-15 22:40,13,10
2021-07-15 22:41,2021-07-16 00:15,Fri,2021-07-16 02:58,17,15
2021-07-16 02:59,2021-07-16 07:10,Fri,2021-07-16 08:58,13,10
2021-07-16 08:59,2021-07-16 12:42,Fri,2021-07-16 14:32,14,11
2021-07-16 14:33,2021-07-16 16:47,Fri,2021-07-16 17:30,17,23
2021-07-16 17:31,2021-07-16 17:39,Fri,2021-07-16 18:46,8,3
2021-07-16 18:47,2021-07-16 18:57,Fri,2021-07-16 19:15,11,6
2021-07-16 19:16,2021-07-16 19:41,Fri,2021-07-16 20:15,14,10
2021-07-16 20:16,2021-07-16 21:20,Fri,2021-07-16 23:14,17,16
2021-07-16 23:15,2021-07-16 23:46,Fri,2021-07-17 00:17,13,10
2021-07-17 00:18,2021-07-17 00:35,Sat,2021-07-17 01:00,9,5
2021-07-17 01:01,2021-07-17 01:07,Sat,2021-07-17 02:52,11,6
2021-07-17 02:53,2021-07-19 05:10,Mon,2021-07-19 06:43,11,6
2021-07-19 06:44,2021-07-19 15:50,Mon,2021-07-19 16:43,14,47
2021-07-19 16:44,2021-07-19 17:01,Mon,2021-07-19 17:11,8,5
2021-07-19 17:12,2021-07-19 17:27,Mon,2021-07-19 18:20,8,5
2021-07-19 18:21,2021-07-19 18:35,Mon,2021-07-19 18:52,8,4
2021-07-19 18:53,2021-07-19 19:15,Mon,2021-07-19 19:41,12,8
2021-07-19 19:42,2021-07-19 21:00,Mon,2021-07-19 21:40,13,47
2021-07-19 21:41,2021-07-19 21:49,Mon,2021-07-19 21:52,8,5
2021-07-19 21:53,2021-07-19 21:56,Mon,2021-07-19 22:14,8,3
2021-07-19 22:15,2021-07-19 22:19,Mon,2021-07-19 22:58,11,6
2021-07-19 22:59,2021-07-19 23:11,Mon,2021-07-20 00:29,12,6
2021-07-20 00:30,2021-07-20 01:00,Tue,2021-07-20 01:28,9,5
2021-07-20 01:29,2021-07-20 14:40,Tue,2021-07-20 15:08,16,28
2021-07-20 15:09,2021-07-20 16:36,Tue,2021-07-20 17:47,18,17
2021-07-20 17:48,2021-07-20 18:27,Tue,2021-07-20 18:42,12,8
2021-07-20 18:43,2021-07-20 18:51,Tue,2021-07-20 19:01,8,4
2021-07-20 19:02,2021-07-20 20:32,Tue,2021-07-20 20:48,17,27
2021-07-20 20:49,2021-07-20 21:06,Tue,2021-07-20 21:20,13,12
2021-07-20 21:21,2021-07-20 21:26,Tue,2021-07-20 21:39,9,4
2021-07-20 21:40,2021-07-20 21:55,Tue,2021-07-20 22:47,13,12
2021-07-20 22:48,2021-07-21 01:29,Wed,2021-07-21 12:55,19,18
2021-07-21 12:56,2021-07-21 14:32,Wed,2021-07-21 15:35,17,15
2021-07-21 15:36,2021-07-21 15:56,Wed,2021-07-21 16:53,13,12
2021-07-21 16:54,2021-07-21 17:17,Wed,2021-07-21 19:38,13,10
2021-07-21 19:39,2021-07-21 19:45,Wed,2021-07-21 20:01,9,4
2021-07-21 20:02,2021-07-21 20:05,Wed,2021-07-21 20:17,9,4
2021-07-21 20:18,2021-07-21 20:32,Wed,2021-07-21 20:36,9,4
2021-07-21 20:37,2021-07-22 02:21,Thu,2021-07-22 07:37,16,32
2021-07-22 07:38,2021-07-22 08:01,Thu,2021-07-22 08:46,8,3
2021-07-22 08:47,2021-07-22 09:10,Thu,2021-07-22 09:59,8,4
2021-07-22 10:00,2021-07-22 14:16,Thu,2021-07-22 15:00,14,10
2021-07-22 15:01,2021-07-22 15:13,Thu,2021-07-22 15:43,15,9
2021-07-22 15:44,2021-07-22 16:37,Thu,2021-07-22 17:09,11,6
2021-07-22 17:10,2021-07-22 18:06,Thu,2021-07-22 18:47,23,10
2021-07-22 18:48,2021-07-22 19:07,Thu,2021-07-22 19:32,14,39
2021-07-22 19:33,2021-07-22 19:35,Thu,2021-07-22 19:41,14,12
2021-07-22 19:42,2021-07-22 20:28,Thu,2021-07-22 20:37,13,45
2021-07-22 20:38,2021-07-22 20:39,Thu,2021-07-22 20:58,8,3
2021-07-22 20:59,2021-07-23 00:23,Fri,2021-07-23 01:20,13,59
2021-07-23 01:21,2021-07-23 02:14,Fri,2021-07-23 04:05,12,7
2021-07-23 04:06,2021-07-23 15:37,Fri,2021-07-23 16:24,18,23
2021-07-23 16:25,2021-07-23 16:48,Fri,2021-07-23 18:31,14,7
2021-07-23 18:32,2021-07-23 19:45,Fri,2021-07-23 20:51,18,21
2021-07-23 20:52,2021-07-23 21:40,Fri,2021-07-23 23:54,11,8
2021-07-23 23:55,2021-07-24 02:43,Sat,2021-07-26 04:41,11,8
2021-07-26 04:42,2021-07-26 07:47,Mon,2021-07-26 10:50,13,10
2021-07-26 10:51,2021-07-26 11:20,Mon,2021-07-26 12:51,8,3
2021-07-26 12:52,2021-07-26 13:58,Mon,2021-07-26 14:16,16,12
2021-07-26 14:17,2021-07-26 14:24,Mon,2021-07-26 14:56,14,12
2021-07-26 14:57,2021-07-26 15:16,Mon,2021-07-26 15:56,17,15
2021-07-26 15:57,2021-07-26 16:00,Mon,2021-07-26 16:09,8,3
2021-07-26 16:10,2021-07-26 16:55,Mon,2021-07-26 19:14,13,11
2021-07-26 19:15,2021-07-26 19:23,Mon,2021-07-26 19:38,8,5
2021-07-26 19:39,2021-07-26 19:52,Mon,2021-07-26 20:31,11,7
2021-07-26 20:32,2021-07-26 21:18,Mon,2021-07-27 02:34,17,24
2021-07-27 02:35,2021-07-27 04:40,Tue,2021-07-27 07:17,14,10
2021-07-27 07:18,2021-07-27 15:18,Tue,2021-07-27 16:33,14,41
2021-07-27 16:34,2021-07-27 17:05,Tue,2021-07-27 17:49,11,8
2021-07-27 17:50,2021-07-27 18:02,Tue,2021-07-27 18:37,9,4
2021-07-27 18:38,2021-07-27 20:17,Tue,2021-07-27 20:43,17,30
2021-07-27 20:44,2021-07-27 20:45,Tue,2021-07-27 20:51,10,3
2021-07-27 20:52,2021-07-27 21:04,Tue,2021-07-27 21:26,11,7
2021-07-27 21:27,2021-07-27 21:36,Tue,2021-07-27 21:51,8,4
2021-07-27 21:52,2021-07-28 00:36,Wed,2021-07-28 01:59,17,26
2021-07-28 02:00,2021-07-28 05:40,Wed,2021-07-28 10:02,13,10
2021-07-28 10:03,2021-07-28 15:35,Wed,2021-07-28 15:52,17,25
2021-07-28 15:53,2021-07-28 15:59,Wed,2021-07-28 16:55,13,9
2021-07-28 16:56,2021-07-28 17:02,Wed,2021-07-28 17:15,8,5
2021-07-28 17:16,2021-07-28 17:23,Wed,2021-07-28 17:31,8,3
2021-07-28 17:32,2021-07-28 17:44,Wed,2021-07-28 18:27,8,4
2021-07-28 18:28,2021-07-28 18:45,Wed,2021-07-28 19:30,18,11
2021-07-28 19:31,2021-07-28 20:03,Wed,2021-07-28 20:48,14,10
2021-07-28 20:49,2021-07-28 20:53,Wed,2021-07-28 21:04,8,5
2021-07-28 21:05,2021-07-28 21:06,Wed,2021-07-28 21:21,8,3
2021-07-28 21:22,2021-07-29 00:14,Thu,2021-07-29 01:00,43,31
2021-07-29 01:01,2021-07-29 01:03,Thu,2021-07-29 01:07,15,11
2021-07-29 01:08,2021-07-29 12:48,Thu,2021-07-29 13:00,7,74
2021-07-29 13:01,2021-07-29 13:16,Thu,2021-07-29 13:48,11,8
2021-07-29 13:49,2021-07-29 13:58,Thu,2021-07-29 14:05,8,3
2021-07-29 14:06,2021-07-30 06:12,Fri,2021-07-30 08:24,15,35
2021-07-30 08:25,2021-07-30 09:32,Fri,2021-07-30 12:37,8,5
2021-07-30 12:38,2021-07-30 16:35,Fri,2021-07-30 17:01,15,33
2021-07-30 17:02,2021-07-30 17:11,Fri,2021-07-30 17:39,13,9
2021-07-30 17:40,2021-07-30 18:00,Fri,2021-07-30 18:34,12,7
2021-07-30 18:35,2021-07-30 19:25,Fri,2021-07-30 19:49,13,11
2021-07-30 19:50,2021-07-30 20:30,Fri,2021-07-30 20:47,11,7
2021-07-30 20:48,2021-07-31 01:31,Sat,2021-07-31 03:45,16,32
2021-07-31 03:46,2021-07-31 03:50,Sat,2021-08-02 04:07,11,5
2021-08-02 04:08,2021-08-02 04:36,Mon,2021-08-02 07:16,8,4
2021-08-02 07:17,2021-08-02 09:04,Mon,2021-08-02 10:24,13,11
2021-08-02 10:26,2021-08-02 13:54,Mon,2021-08-02 13:56,13,11
2021-08-02 13:57,2021-08-02 14:15,Mon,2021-08-02 16:54,11,6
2021-08-02 16:55,2021-08-02 17:01,Mon,2021-08-02 17:21,8,3
2021-08-02 17:22,2021-08-02 18:08,Mon,2021-08-02 18:47,8,5
2021-08-02 18:48,2021-08-02 18:50,Mon,2021-08-02 18:55,8,3
2021-08-02 18:56,2021-08-03 04:06,Tue,2021-08-03 11:38,17,26
2021-08-03 11:39,2021-08-03 13:52,Tue,2021-08-03 15:35,13,11
2021-08-03 15:36,2021-08-03 16:32,Tue,2021-08-03 17:17,8,5
2021-08-03 17:18,2021-08-03 18:26,Tue,2021-08-03 19:21,11,8
2021-08-03 19:22,2021-08-03 20:00,Tue,2021-08-03 20:17,11,6
2021-08-03 20:18,2021-08-03 20:24,Tue,2021-08-03 20:36,10,4
2021-08-03 20:37,2021-08-03 20:41,Tue,2021-08-03 20:48,8,3
2021-08-03 20:49,2021-08-03 21:13,Tue,2021-08-03 21:58,17,13
2021-08-03 21:59,2021-08-03 22:02,Tue,2021-08-03 22:23,8,4
2021-08-03 22:24,2021-08-04 14:05,Wed,2021-08-04 15:11,17,25
2021-08-04 15:12,2021-08-04 15:36,Wed,2021-08-04 18:25,20,19
2021-08-04 18:26,2021-08-04 20:34,Wed,2021-08-04 21:00,15,38
2021-08-04 21:01,2021-08-05 13:37,Thu,2021-08-05 14:27,14,49
2021-08-05 14:28,2021-08-05 14:51,Thu,2021-08-05 15:14,9,5
2021-08-05 15:15,2021-08-05 15:50,Thu,2021-08-05 16:21,11,8
2021-08-05 16:22,2021-08-05 16:55,Thu,2021-08-05 17:55,17,13
2021-08-05 17:56,2021-08-05 18:59,Thu,2021-08-05 19:24,13,12
2021-08-05 19:25,2021-08-05 19:39,Thu,2021-08-05 19:45,11,6
2021-08-05 19:46,2021-08-05 20:00,Thu,2021-08-05 20:29,8,5
2021-08-05 20:30,2021-08-05 20:38,Thu,2021-08-05 20:49,12,6
2021-08-05 20:50,2021-08-05 21:14,Thu,2021-08-06 00:43,18,18
2021-08-06 00:44,2021-08-06 01:24,Fri,2021-08-06 07:29,11,6
2021-08-06 07:30,2021-08-06 13:46,Fri,2021-08-06 15:23,15,10
2021-08-06 15:24,2021-08-06 19:30,Fri,2021-08-06 19:31,19,27
2021-08-06 19:32,2021-08-09 06:25,Mon,2021-08-09 08:17,13,63
2021-08-09 08:18,2021-08-09 15:17,Mon,2021-08-09 19:39,17,15
2021-08-09 19:40,2021-08-10 21:17,Tue,2021-08-10 22:16,13,59
2021-08-10 22:17,2021-08-11 08:02,Wed,2021-08-11 09:58,13,12
2021-08-11 09:59,2021-08-11 14:18,Wed,2021-08-11 19:30,20,19
2021-08-11 19:31,2021-08-11 19:33,Wed,2021-08-11 19:36,10,3
2021-08-11 19:37,2021-08-11 19:41,Wed,2021-08-11 19:51,9,5
2021-08-11 19:52,2021-08-11 19:54,Wed,2021-08-11 19:58,10,3
2021-08-11 19:59,2021-08-11 20:06,Wed,2021-08-11 20:25,13,10
2021-08-11 20:26,2021-08-11 20:33,Wed,2021-08-11 20:49,11,8
2021-08-11 20:50,2021-08-11 21:04,Wed,2021-08-11 22:10,11,6
2021-08-11 22:11,2021-08-11 22:19,Wed,2021-08-11 23:40,11,8
2021-08-11 23:41,2021-08-12 00:10,Thu,2021-08-12 01:55,13,9
2021-08-12 01:56,2021-08-12 14:00,Thu,2021-08-12 15:46,13,12
2021-08-12 15:47,2021-08-12 20:43,Thu,2021-08-12 23:14,17,24
2021-08-12 23:15,2021-08-12 23:27,Thu,2021-08-13 00:21,8,3
2021-08-13 00:22,2021-08-13 00:40,Fri,2021-08-13 01:48,11,6
2021-08-13 01:49,2021-08-13 03:59,Fri,2021-08-13 08:30,13,10
2021-08-13 08:31,2021-08-13 09:25,Fri,2021-08-13 13:02,8,3
2021-08-13 13:03,2021-08-13 13:30,Fri,2021-08-13 14:17,8,3
2021-08-13 14:18,2021-08-13 23:32,Fri,2021-08-16 10:34,13,72
2021-08-16 10:35,2021-08-16 11:54,Mon,2021-08-16 12:59,8,4
2021-08-16 13:00,2021-08-16 13:29,Mon,2021-08-16 13:52,8,5
2021-08-16 13:53,2021-08-16 14:17,Mon,2021-08-16 14:58,13,9
2021-08-16 14:59,2021-08-16 15:39,Mon,2021-08-16 18:13,14,10
2021-08-16 18:14,2021-08-16 18:58,Mon,2021-08-16 20:07,13,11
2021-08-16 20:08,2021-08-16 20:16,Mon,2021-08-16 20:34,8,4
2021-08-16 20:35,2021-08-16 20:37,Mon,2021-08-16 20:55,10,4
2021-08-16 20:56,2021-08-16 21:54,Mon,2021-08-17 07:54,18,17
2021-08-17 07:55,2021-08-17 08:14,Tue,2021-08-17 10:12,8,4
2021-08-17 10:13,2021-08-17 12:39,Tue,2021-08-17 13:41,11,6
2021-08-17 13:42,2021-08-17 13:57,Tue,2021-08-17 14:29,11,6
2021-08-17 14:30,2021-08-17 14:39,Tue,2021-08-17 15:08,8,4
2021-08-17 15:09,2021-08-17 15:25,Tue,2021-08-17 16:04,11,7
2021-08-17 16:05,2021-08-17 16:21,Tue,2021-08-17 16:42,11,8
2021-08-17 16:43,2021-08-18 05:23,Wed,2021-08-18 06:45,7,74
2021-08-18 06:47,2021-08-18 14:28,Wed,2021-08-18 18:00,19,21
2021-08-18 18:01,2021-08-18 18:24,Wed,2021-08-18 18:54,11,7
2021-08-18 18:55,2021-08-18 19:18,Wed,2021-08-18 19:50,11,7
2021-08-18 19:51,2021-08-18 20:00,Wed,2021-08-18 20:12,8,5
2021-08-18 20:13,2021-08-18 21:02,Wed,2021-08-18 22:12,13,10
2021-08-18 22:13,2021-08-18 22:26,Wed,2021-08-19 01:02,17,13
2021-08-19 01:03,2021-08-19 01:04,Thu,2021-08-19 01:08,17,13
2021-08-19 01:09,2021-08-19 01:17,Thu,2021-08-19 01:30,13,11
2021-08-19 01:31,2021-08-19 01:33,Thu,2021-08-19 01:42,9,3
2021-08-19 01:43,2021-08-19 10:12,Thu,2021-08-19 12:35,13,50
2021-08-19 12:36,2021-08-19 13:09,Thu,2021-08-19 14:00,13,11
2021-08-19 14:01,2021-08-19 14:27,Thu,2021-08-19 15:05,13,10
2021-08-19 15:06,2021-08-19 18:57,Thu,2021-08-19 21:54,18,22
2021-08-19 21:55,2021-08-19 22:10,Thu,2021-08-19 22:35,12,7
2021-08-19 22:36,2021-08-19 22:45,Thu,2021-08-19 23:12,8,4
2021-08-19 23:13,2021-08-19 23:18,Thu,2021-08-19 23:36,8,5
2021-08-19 23:37,2021-08-19 23:39,Thu,2021-08-20 00:18,8,5
2021-08-20 00:19,2021-08-20 01:30,Fri,2021-08-20 08:26,13,10
2021-08-20 08:27,2021-08-20 09:42,Fri,2021-08-20 12:55,13,9
2021-08-20 12:56,2021-08-20 20:03,Fri,2021-08-20 20:32,17,24
2021-08-20 20:33,2021-08-20 20:35,Fri,2021-08-20 21:00,8,4
2021-08-20 21:01,2021-08-20 21:07,Fri,2021-08-20 21:12,8,4
2021-08-20 21:13,2021-08-23 10:36,Mon,2021-08-23 13:42,13,51
2021-08-23 13:43,2021-08-23 13:50,Mon,2021-08-23 14:36,9,3
2021-08-23 14:37,2021-08-23 15:42,Mon,2021-08-23 17:36,17,13
2021-08-23 17:37,2021-08-23 20:31,Mon,2021-08-23 21:01,16,28
2021-08-23 21:02,2021-08-23 21:04,Mon,2021-08-23 21:30,8,3
2021-08-23 21:31,2021-08-23 21:48,Mon,2021-08-23 22:26,11,7
2021-08-23 22:27,2021-08-24 01:57,Tue,2021-08-24 15:26,18,20
2021-08-24 15:27,2021-08-24 15:58,Tue,2021-08-24 18:08,13,9
2021-08-24 18:09,2021-08-24 18:57,Tue,2021-08-24 19:42,13,6
2021-08-24 19:43,2021-08-24 19:53,Tue,2021-08-24 20:32,11,8
2021-08-24 20:33,2021-08-24 20:34,Tue,2021-08-24 20:50,12,6
2021-08-24 20:51,2021-08-24 21:14,Tue,2021-08-24 21:36,13,11
2021-08-24 21:37,2021-08-24 21:53,Tue,2021-08-24 22:05,8,5
2021-08-24 22:06,2021-08-24 22:11,Tue,2021-08-24 22:25,8,3
2021-08-24 22:26,2021-08-24 22:55,Tue,2021-08-25 01:37,11,6
2021-08-25 01:38,2021-08-25 03:29,Wed,2021-08-25 07:32,11,7
2021-08-25 07:33,2021-08-25 13:57,Wed,2021-08-25 15:18,20,17
2021-08-25 15:19,2021-08-25 15:37,Wed,2021-08-25 17:06,11,6
2021-08-25 17:07,2021-08-25 19:38,Wed,2021-08-25 20:58,20,22
2021-08-25 20:59,2021-08-25 22:25,Wed,2021-08-25 22:57,13,9
2021-08-25 22:58,2021-08-26 00:18,Thu,2021-08-26 01:11,13,9
2021-08-26 01:12,2021-08-26 01:14,Thu,2021-08-26 02:36,8,4
2021-08-26 02:37,2021-08-26 03:27,Thu,2021-08-26 08:09,11,8
2021-08-26 08:10,2021-08-26 12:41,Thu,2021-08-26 13:54,11,8
2021-08-26 13:55,2021-08-26 18:23,Thu,2021-08-26 19:38,18,22
2021-08-26 19:39,2021-08-26 20:10,Thu,2021-08-26 21:13,17,14
2021-08-26 21:14,2021-08-27 07:39,Fri,2021-08-27 10:53,17,24
2021-08-27 10:54,2021-08-27 14:02,Fri,2021-08-27 15:03,13,12
2021-08-27 15:04,2021-08-27 16:20,Fri,2021-08-27 17:20,11,6
2021-08-27 17:21,2021-08-27 18:39,Fri,2021-08-27 20:02,13,10
2021-08-27 20:03,2021-08-27 20:15,Fri,2021-08-27 20:48,20,17
2021-08-27 20:49,2021-08-27 21:15,Fri,2021-08-27 21:21,17,37
2021-08-27 21:22,2021-08-27 21:27,Fri,2021-08-27 21:38,11,6
2021-08-27 21:39,2021-08-27 21:41,Fri,2021-08-27 21:51,9,3
2021-08-27 21:52,2021-08-27 21:54,Fri,2021-08-27 21:57,14,6
2021-08-27 21:58,2021-08-30 09:17,Mon,2021-08-30 18:18,18,25
2021-08-30 18:19,2021-08-30 19:13,Mon,2021-08-30 19:57,14,10
2021-08-30 19:58,2021-08-31 18:18,Tue,2021-08-31 19:43,13,60
2021-08-31 19:44,2021-08-31 19:56,Tue,2021-08-31 20:04,12,6
2021-08-31 20:05,2021-08-31 20:15,Tue,2021-08-31 20:37,11,8
2021-08-31 20:38,2021-08-31 20:43,Tue,2021-08-31 20:52,8,3
2021-08-31 20:53,2021-08-31 20:58,Tue,2021-08-31 21:13,8,3
2021-08-31 21:14,2021-08-31 21:38,Tue,2021-08-31 21:49,13,9
2021-08-31 21:50,2021-08-31 21:53,Tue,2021-08-31 21:55,9,4
2021-08-31 21:56,2021-08-31 22:02,Tue,2021-08-31 22:38,11,8
2021-08-31 22:39,2021-09-01 01:59,Wed,2021-09-01 12:10,17,16
2021-09-01 12:11,2021-09-01 13:19,Wed,2021-09-01 13:57,13,9
2021-09-01 13:58,2021-09-01 14:04,Wed,2021-09-01 14:11,9,4
2021-09-01 14:12,2021-09-01 14:38,Wed,2021-09-01 14:51,12,8
2021-09-01 14:52,2021-09-01 15:03,Wed,2021-09-01 15:35,9,5
2021-09-01 15:36,2021-09-01 16:22,Wed,2021-09-01 17:01,8,5
2021-09-01 17:02,2021-09-01 18:57,Wed,2021-09-01 19:17,13,9
2021-09-01 19:18,2021-09-01 19:23,Wed,2021-09-01 19:32,8,4
2021-09-01 19:33,2021-09-01 21:55,Wed,2021-09-02 02:50,16,28
2021-09-02 02:51,2021-09-02 07:15,Thu,2021-09-02 11:50,11,8
2021-09-02 11:51,2021-09-03 09:07,Fri,2021-09-03 16:02,14,50
2021-09-03 16:03,2021-09-03 16:57,Fri,2021-09-03 19:30,32,7
2021-09-03 19:31,2021-09-03 19:32,Fri,2021-09-03 19:34,12,3
2021-09-03 19:35,2021-09-03 19:40,Fri,2021-09-03 19:50,18,21
2021-09-03 19:51,2021-09-03 20:15,Fri,2021-09-03 20:37,18,19
2021-09-03 20:38,2021-09-03 21:34,Fri,2021-09-03 21:54,17,12
2021-09-03 21:55,2021-09-04 00:27,Sat,2021-09-04 03:01,18,22
2021-09-04 03:02,2021-09-04 03:28,Sat,2021-09-06 05:01,8,5
2021-09-06 05:02,2021-09-06 06:38,Mon,2021-09-06 09:24,11,7
2021-09-06 09:25,2021-09-06 16:25,Mon,2021-09-07 06:56,18,19
2021-09-07 06:58,2021-09-07 08:41,Tue,2021-09-07 12:04,13,12
2021-09-07 12:05,2021-09-07 12:17,Tue,2021-09-07 13:28,9,4
2021-09-07 13:29,2021-09-07 14:40,Tue,2021-09-07 15:26,18,18
2021-09-07 15:27,2021-09-07 15:32,Tue,2021-09-07 15:39,8,3
2021-09-07 15:40,2021-09-07 16:03,Tue,2021-09-07 16:58,17,14
2021-09-07 16:59,2021-09-07 17:01,Tue,2021-09-07 17:10,8,5
2021-09-07 17:11,2021-09-07 17:26,Tue,2021-09-07 17:52,10,4
2021-09-07 17:53,2021-09-07 18:04,Tue,2021-09-07 18:15,8,5
2021-09-07 18:16,2021-09-07 22:27,Tue,2021-09-08 01:06,15,33
2021-09-08 01:07,2021-09-08 01:29,Wed,2021-09-08 02:03,8,5
2021-09-08 02:04,2021-09-08 02:56,Wed,2021-09-08 08:40,11,7
2021-09-08 08:41,2021-09-08 17:10,Wed,2021-09-08 19:03,14,39
2021-09-08 19:04,2021-09-08 19:49,Wed,2021-09-08 20:05,12,6
2021-09-08 20:06,2021-09-08 20:31,Wed,2021-09-08 21:29,12,6
2021-09-08 21:30,2021-09-08 21:42,Wed,2021-09-08 21:57,8,4
2021-09-08 21:58,None,Thu,2021-09-09 06:52,0,19
